sep=,
Date,Time UTC,Latitude,Longitude,Altitude,Fix,Fix quality,PDOP,HDOP,VDOP,Inview Sats,Active sats,Active GPS,Active GLO,Active GAL,Active BEI,Active Other
N/A,09:11:41,47.473956666666666,19.057978333333335,151.3,N/A,GPS,N/A,2.14,N/A,N/A,N/A,N/A,N/A,N/A,N/A,N/A
N/A,09:11:41,47.473956666666666,19.057978333333335,151.3,F,GPS,2.35,2.14,0.97,N/A,6,6,0,0,0,0
04/11/2025,09:11:41,47.473956666666666,19.057978333333335,151.3,F,GPS,2.35,2.14,0.97,N/A,6,6,0,0,0,0
04/11/2025,09:11:41,47.473956666666666,19.057978333333335,151.3,F,GPS,2.35,2.14,0.97,N/A,6,6,0,0,0,0
04/11/2025,09:11:42,47.473956666666666,19.057978333333335,151.3,F,GPS,2.35,2.14,0.97,N/A,6,6,0,0,0,0
04/11/2025,09:11:42,47.473956666666666,19.057978333333335,151.3,F,GPS,2.35,2.14,0.97,N/A,6,6,0,0,0,0
04/11/2025,09:11:42,47.473956666666666,19.057978333333335,151.3,F,GPS,2.35,2.14,0.97,N/A,6,6,0,0,0,0
04/11/2025,09:11:42,47.473956666666666,19.057978333333335,151.3,F,GPS,2.35,2.14,0.97,N/A,6,6,0,0,0,0
04/11/2025,09:11:43,47.473956666666666,19.057978333333335,151.3,F,GPS,2.35,2.14,0.97,N/A,6,6,0,0,0,0
04/11/2025,09:11:43,47.473956666666666,19.057978333333335,151.3,F,GPS,2.35,2.14,0.97,N/A,6,6,0,0,0,0
04/11/2025,09:11:43,47.473956666666666,19.057978333333335,151.3,F,GPS,2.35,2.14,0.97,14,6,6,0,0,0,0
04/11/2025,09:11:43,47.473956666666666,19.057978333333335,151.3,F,GPS,2.35,2.14,0.97,14,6,6,0,0,0,0
04/11/2025,09:11:43,47.473956666666666,19.057978333333335,151.3,F,GPS,2.35,2.14,0.97,14,6,6,0,0,0,0
04/11/2025,09:11:44,47.473956666666666,19.057978333333335,151.3,F,GPS,2.35,2.14,0.97,14,6,6,0,0,0,0
04/11/2025,09:11:44,47.473956666666666,19.057978333333335,151.3,F,GPS,2.35,2.14,0.97,14,6,6,0,0,0,0
04/11/2025,09:11:44,47.473956666666666,19.057978333333335,151.3,F,GPS,2.35,2.14,0.97,14,6,6,0,0,0,0
04/11/2025,09:11:44,47.473956666666666,19.057978333333335,151.3,F,GPS,2.35,2.14,0.97,14,6,6,0,0,0,0
04/11/2025,09:11:45,47.473956666666666,19.057978333333335,151.3,F,GPS,2.35,2.14,0.97,14,6,6,0,0,0,0
04/11/2025,09:11:45,47.473956666666666,19.057978333333335,151.3,F,GPS,2.35,2.14,0.97,14,6,6,0,0,0,0
04/11/2025,09:11:45,47.473956666666666,19.057978333333335,151.3,F,GPS,2.35,2.14,0.97,14,6,6,0,0,0,0
04/11/2025,09:11:45,47.473956666666666,19.057978333333335,151.3,F,GPS,2.35,2.14,0.97,14,6,6,0,0,0,0
04/11/2025,09:11:46,47.473956666666666,19.057978333333335,151.3,F,GPS,2.35,2.14,0.97,14,6,6,0,0,0,0
04/11/2025,09:11:46,47.473956666666666,19.057978333333335,151.3,F,GPS,2.35,2.14,0.97,14,6,6,0,0,0,0
04/11/2025,09:11:46,47.473956666666666,19.057978333333335,151.3,F,GPS,2.35,2.14,0.97,14,6,6,0,0,0,0
04/11/2025,09:11:46,47.473956666666666,19.057978333333335,151.3,F,GPS,2.35,2.14,0.97,14,6,6,0,0,0,0
04/11/2025,09:11:47,47.473956666666666,19.057978333333335,151.4,F,GPS,2.35,2.14,0.97,14,6,6,0,0,0,0
04/11/2025,09:11:47,47.473956666666666,19.057978333333335,151.4,F,GPS,2.35,2.14,0.97,14,6,6,0,0,0,0
04/11/2025,09:11:47,47.473956666666666,19.057978333333335,151.4,F,GPS,2.35,2.14,0.97,14,6,6,0,0,0,0
04/11/2025,09:11:47,47.473956666666666,19.057978333333335,151.4,F,GPS,2.35,2.14,0.97,14,6,6,0,0,0,0
04/11/2025,09:11:48,47.473956666666666,19.057978333333335,151.4,F,GPS,2.35,2.14,0.97,14,6,6,0,0,0,0
04/11/2025,09:11:48,47.473956666666666,19.057978333333335,151.4,F,GPS,2.35,2.14,0.97,14,6,6,0,0,0,0
04/11/2025,09:11:48,47.473956666666666,19.057978333333335,151.4,F,GPS,2.35,2.14,0.97,14,6,6,0,0,0,0
04/11/2025,09:11:48,47.473956666666666,19.057978333333335,151.4,F,GPS,2.35,2.14,0.97,14,6,6,0,0,0,0
04/11/2025,09:11:48,47.473956666666666,19.057978333333335,151.4,F,GPS,2.35,2.14,0.97,14,6,6,0,0,0,0
04/11/2025,09:11:49,47.473956666666666,19.05798,151.4,F,GPS,2.35,2.14,0.97,14,6,6,0,0,0,0
04/11/2025,09:11:49,47.473956666666666,19.05798,151.4,F,GPS,2.35,2.14,0.97,14,6,6,0,0,0,0
04/11/2025,09:11:49,47.473956666666666,19.05798,151.4,F,GPS,2.35,2.14,0.97,14,6,6,0,0,0,0
04/11/2025,09:11:49,47.473956666666666,19.05798,151.4,F,GPS,2.35,2.14,0.97,14,6,6,0,0,0,0
04/11/2025,09:11:50,47.473956666666666,19.057981666666667,151.4,F,GPS,2.35,2.14,0.97,14,6,6,0,0,0,0
04/11/2025,09:11:50,47.473956666666666,19.057981666666667,151.4,F,GPS,2.35,2.14,0.97,14,6,6,0,0,0,0
04/11/2025,09:11:50,47.473956666666666,19.057981666666667,151.4,F,GPS,2.35,2.14,0.97,14,6,6,0,0,0,0
04/11/2025,09:11:50,47.473956666666666,19.057981666666667,151.4,F,GPS,2.35,2.14,0.97,14,6,6,0,0,0,0
04/11/2025,09:11:51,47.473958333333336,19.057991666666666,151.4,F,GPS,2.35,2.14,0.97,14,6,6,0,0,0,0
04/11/2025,09:11:51,47.473958333333336,19.057991666666666,151.4,F,GPS,2.35,2.14,0.97,14,6,6,0,0,0,0
04/11/2025,09:11:51,47.473958333333336,19.057991666666666,151.4,F,GPS,2.35,2.14,0.97,14,6,6,0,0,0,0
04/11/2025,09:11:51,47.473958333333336,19.057991666666666,151.4,F,GPS,2.35,2.14,0.97,14,6,6,0,0,0,0
04/11/2025,09:11:52,47.473958333333336,19.058,151.4,F,GPS,2.35,2.14,0.97,14,6,6,0,0,0,0
04/11/2025,09:11:52,47.473958333333336,19.058,151.4,F,GPS,2.35,2.14,0.97,14,6,6,0,0,0,0
04/11/2025,09:11:52,47.473958333333336,19.058,151.4,F,GPS,2.35,2.14,0.97,14,6,6,0,0,0,0
04/11/2025,09:11:52,47.473958333333336,19.058,151.4,F,GPS,2.35,2.14,0.97,14,6,6,0,0,0,0
04/11/2025,09:11:53,47.473958333333336,19.058005,151.4,F,GPS,2.35,2.14,0.97,14,6,6,0,0,0,0
04/11/2025,09:11:53,47.473958333333336,19.058005,151.4,F,GPS,2.35,2.14,0.97,14,6,6,0,0,0,0
04/11/2025,09:11:53,47.473958333333336,19.058005,151.4,F,GPS,2.35,2.14,0.97,14,6,6,0,0,0,0
04/11/2025,09:11:53,47.473958333333336,19.058005,151.4,F,GPS,2.35,2.14,0.97,14,6,6,0,0,0,0
04/11/2025,09:11:53,47.473958333333336,19.058005,151.4,F,GPS,2.35,2.14,0.97,14,6,6,0,0,0,0
04/11/2025,09:11:54,47.47396666666667,19.058015,151.4,F,GPS,2.35,2.14,0.97,14,6,6,0,0,0,0
04/11/2025,09:11:54,47.47396666666667,19.058015,151.4,F,GPS,2.35,2.14,0.97,14,6,6,0,0,0,0
04/11/2025,09:11:54,47.47396666666667,19.058015,151.4,F,GPS,2.35,2.14,0.97,14,6,6,0,0,0,0
04/11/2025,09:11:54,47.47396666666667,19.058015,151.4,F,GPS,2.35,2.14,0.97,14,6,6,0,0,0,0
04/11/2025,09:11:55,47.473971666666664,19.058028333333333,151.5,F,GPS,2.35,2.14,0.97,14,6,6,0,0,0,0
04/11/2025,09:11:55,47.473971666666664,19.058028333333333,151.5,F,GPS,2.35,2.14,0.97,14,6,6,0,0,0,0
04/11/2025,09:11:55,47.473971666666664,19.058028333333333,151.5,F,GPS,2.35,2.14,0.97,14,6,6,0,0,0,0
04/11/2025,09:11:55,47.473971666666664,19.058028333333333,151.5,F,GPS,2.35,2.14,0.97,14,6,6,0,0,0,0
04/11/2025,09:11:56,47.473971666666664,19.05804,151.6,F,GPS,2.35,2.14,0.97,14,6,6,0,0,0,0
04/11/2025,09:11:56,47.473971666666664,19.05804,151.6,F,GPS,2.35,2.14,0.97,14,6,6,0,0,0,0
04/11/2025,09:11:56,47.473971666666664,19.05804,151.6,F,GPS,2.35,2.14,0.97,14,6,6,0,0,0,0
04/11/2025,09:11:56,47.473971666666664,19.05804,151.6,F,GPS,2.35,2.14,0.97,14,6,6,0,0,0,0
04/11/2025,09:11:57,47.473975,19.058051666666668,151.6,F,GPS,2.35,2.14,0.97,14,6,6,0,0,0,0
04/11/2025,09:11:57,47.473975,19.058051666666668,151.6,F,GPS,2.35,2.14,0.97,14,6,6,0,0,0,0
04/11/2025,09:11:57,47.473975,19.058051666666668,151.6,F,GPS,2.35,2.14,0.97,14,6,6,0,0,0,0
04/11/2025,09:11:57,47.473975,19.058051666666668,151.6,F,GPS,2.35,2.14,0.97,14,6,6,0,0,0,0
04/11/2025,09:11:58,47.473978333333335,19.058065,151.6,F,GPS,2.35,2.14,0.97,14,6,6,0,0,0,0
04/11/2025,09:11:58,47.473978333333335,19.058065,151.6,F,GPS,2.35,2.14,0.97,14,6,6,0,0,0,0
04/11/2025,09:11:58,47.473978333333335,19.058065,151.6,F,GPS,2.35,2.14,0.97,14,6,6,0,0,0,0
04/11/2025,09:11:58,47.473978333333335,19.058065,151.6,F,GPS,2.35,2.14,0.97,14,6,6,0,0,0,0
04/11/2025,09:11:58,47.473978333333335,19.058065,151.6,F,GPS,2.35,2.14,0.97,14,6,6,0,0,0,0
04/11/2025,09:11:59,47.47398833333333,19.05808,151.7,F,GPS,2.35,2.14,0.97,14,6,6,0,0,0,0
04/11/2025,09:11:59,47.47398833333333,19.05808,151.7,F,GPS,2.35,2.14,0.97,14,6,6,0,0,0,0
04/11/2025,09:11:59,47.47398833333333,19.05808,151.7,F,GPS,2.35,2.14,0.97,14,6,6,0,0,0,0
04/11/2025,09:11:59,47.47398833333333,19.05808,151.7,F,GPS,2.35,2.14,0.97,14,6,6,0,0,0,0
04/11/2025,09:12:00,47.473998333333334,19.05809,151.7,F,GPS,2.35,2.14,0.97,14,6,6,0,0,0,0
04/11/2025,09:12:00,47.473998333333334,19.05809,151.7,F,GPS,2.35,2.14,0.97,14,6,6,0,0,0,0
04/11/2025,09:12:00,47.473998333333334,19.05809,151.7,F,GPS,2.35,2.14,0.97,14,6,6,0,0,0,0
04/11/2025,09:12:00,47.473998333333334,19.05809,151.7,F,GPS,2.35,2.14,0.97,14,6,6,0,0,0,0
04/11/2025,09:12:01,47.47400833333333,19.0581,151.8,F,GPS,2.35,2.15,0.97,14,6,6,0,0,0,0
04/11/2025,09:12:01,47.47400833333333,19.0581,151.8,F,GPS,2.35,2.15,0.97,14,6,6,0,0,0,0
04/11/2025,09:12:01,47.47400833333333,19.0581,151.8,F,GPS,2.35,2.15,0.97,14,6,6,0,0,0,0
04/11/2025,09:12:01,47.47400833333333,19.0581,151.8,F,GPS,2.35,2.15,0.97,14,6,6,0,0,0,0
04/11/2025,09:12:02,47.474016666666664,19.058106666666667,151.8,F,GPS,2.35,2.15,0.97,14,6,6,0,0,0,0
04/11/2025,09:12:02,47.474016666666664,19.058106666666667,151.8,F,GPS,2.35,2.15,0.97,14,6,6,0,0,0,0
04/11/2025,09:12:02,47.474016666666664,19.058106666666667,151.8,F,GPS,2.35,2.15,0.97,14,6,6,0,0,0,0
04/11/2025,09:12:02,47.474016666666664,19.058106666666667,151.8,F,GPS,2.35,2.15,0.97,14,6,6,0,0,0,0
04/11/2025,09:12:03,47.474025,19.058108333333333,151.8,F,GPS,2.35,2.14,0.97,14,6,6,0,0,0,0
04/11/2025,09:12:03,47.474025,19.058108333333333,151.8,F,GPS,2.35,2.14,0.97,14,6,6,0,0,0,0
04/11/2025,09:12:03,47.474025,19.058108333333333,151.8,F,GPS,2.35,2.14,0.97,14,6,6,0,0,0,0
04/11/2025,09:12:03,47.474025,19.058108333333333,151.8,F,GPS,2.35,2.14,0.97,14,6,6,0,0,0,0
04/11/2025,09:12:03,47.474025,19.058108333333333,151.8,F,GPS,2.35,2.14,0.97,14,6,6,0,0,0,0
04/11/2025,09:12:04,47.47403333333333,19.058106666666667,151.8,F,GPS,2.35,2.14,0.97,14,6,6,0,0,0,0
04/11/2025,09:12:04,47.47403333333333,19.058106666666667,151.8,F,GPS,2.35,2.14,0.97,14,6,6,0,0,0,0
04/11/2025,09:12:04,47.47403333333333,19.058106666666667,151.8,F,GPS,2.35,2.14,0.97,14,6,6,0,0,0,0
04/11/2025,09:12:04,47.47403333333333,19.058106666666667,151.8,F,GPS,2.35,2.14,0.97,14,6,6,0,0,0,0
04/11/2025,09:12:05,47.47404,19.058108333333333,151.8,F,GPS,2.35,2.15,0.97,14,6,6,0,0,0,0
04/11/2025,09:12:05,47.47404,19.058108333333333,151.8,F,GPS,2.35,2.15,0.97,14,6,6,0,0,0,0
04/11/2025,09:12:05,47.47404,19.058108333333333,151.8,F,GPS,2.35,2.15,0.97,14,6,6,0,0,0,0
04/11/2025,09:12:05,47.47404,19.058108333333333,151.8,F,GPS,2.35,2.15,0.97,14,6,6,0,0,0,0
04/11/2025,09:12:06,47.474048333333336,19.058111666666665,151.9,F,GPS,2.35,2.86,0.97,14,6,6,0,0,0,0
04/11/2025,09:12:06,47.474048333333336,19.058111666666665,151.9,F,GPS,4.73,2.86,3.76,14,6,6,0,0,0,0
04/11/2025,09:12:06,47.474048333333336,19.058111666666665,151.9,F,GPS,4.73,2.86,3.76,14,6,6,0,0,0,0
04/11/2025,09:12:06,47.474048333333336,19.058111666666665,151.9,F,GPS,4.73,2.86,3.76,14,6,6,0,0,0,0
04/11/2025,09:12:07,47.47405333333333,19.058113333333335,151.9,F,GPS,4.73,2.86,3.76,14,6,6,0,0,0,0
04/11/2025,09:12:07,47.47405333333333,19.058113333333335,151.9,F,GPS,4.72,2.86,3.76,14,6,6,0,0,0,0
04/11/2025,09:12:07,47.47405333333333,19.058113333333335,151.9,F,GPS,4.72,2.86,3.76,14,6,6,0,0,0,0
04/11/2025,09:12:07,47.47405333333333,19.058113333333335,151.9,F,GPS,4.72,2.86,3.76,14,6,6,0,0,0,0
04/11/2025,09:12:08,47.474055,19.05811,151.9,F,GPS,4.72,2.86,3.76,14,6,6,0,0,0,0
04/11/2025,09:12:08,47.474055,19.05811,151.9,F,GPS,4.72,2.86,3.76,14,6,6,0,0,0,0
04/11/2025,09:12:08,47.474055,19.05811,151.9,F,GPS,4.72,2.86,3.76,14,6,6,0,0,0,0
04/11/2025,09:12:08,47.474055,19.05811,151.9,F,GPS,4.72,2.86,3.76,14,6,6,0,0,0,0
04/11/2025,09:12:08,47.474055,19.05811,151.9,F,GPS,4.72,2.86,3.76,14,6,6,0,0,0,0
04/11/2025,09:12:09,47.474061666666664,19.058106666666667,151.9,F,GPS,4.72,2.86,3.76,14,6,6,0,0,0,0
04/11/2025,09:12:09,47.474061666666664,19.058106666666667,151.9,F,GPS,4.72,2.86,3.76,14,6,6,0,0,0,0
04/11/2025,09:12:09,47.474061666666664,19.058106666666667,151.9,F,GPS,4.72,2.86,3.76,14,6,6,0,0,0,0
04/11/2025,09:12:09,47.474061666666664,19.058106666666667,151.9,F,GPS,4.72,2.86,3.76,14,6,6,0,0,0,0
04/11/2025,09:12:10,47.47407333333334,19.058106666666667,151.9,F,GPS,4.72,2.86,3.76,14,6,6,0,0,0,0
04/11/2025,09:12:10,47.47407333333334,19.058106666666667,151.9,F,GPS,4.72,2.86,3.76,14,6,6,0,0,0,0
04/11/2025,09:12:10,47.47407333333334,19.058106666666667,151.9,F,GPS,4.72,2.86,3.76,14,6,6,0,0,0,0
04/11/2025,09:12:10,47.47407333333334,19.058106666666667,151.9,F,GPS,4.72,2.86,3.76,14,6,6,0,0,0,0
04/11/2025,09:12:11,47.47408,19.05810333333333,151.9,F,GPS,4.72,2.86,3.76,14,6,6,0,0,0,0
04/11/2025,09:12:11,47.47408,19.05810333333333,151.9,F,GPS,4.72,2.86,3.76,14,6,6,0,0,0,0
04/11/2025,09:12:11,47.47408,19.05810333333333,151.9,F,GPS,4.72,2.86,3.76,14,6,6,0,0,0,0
04/11/2025,09:12:11,47.47408,19.05810333333333,151.9,F,GPS,4.72,2.86,3.76,14,6,6,0,0,0,0
04/11/2025,09:12:12,47.4741,19.058106666666667,152.0,F,GPS,4.72,2.86,3.76,14,6,6,0,0,0,0
04/11/2025,09:12:12,47.4741,19.058106666666667,152.0,F,GPS,4.72,2.86,3.76,14,6,6,0,0,0,0
04/11/2025,09:12:12,47.4741,19.058106666666667,152.0,F,GPS,4.72,2.86,3.76,14,6,6,0,0,0,0
04/11/2025,09:12:12,47.4741,19.058106666666667,152.0,F,GPS,4.72,2.86,3.76,14,6,6,0,0,0,0
04/11/2025,09:12:13,47.474113333333335,19.058105,152.0,F,GPS,4.72,2.86,3.76,14,6,6,0,0,0,0
04/11/2025,09:12:13,47.474113333333335,19.058105,152.0,F,GPS,4.72,2.86,3.76,14,6,6,0,0,0,0
04/11/2025,09:12:13,47.474113333333335,19.058105,152.0,F,GPS,4.72,2.86,3.76,14,6,6,0,0,0,0
04/11/2025,09:12:13,47.474113333333335,19.058105,152.0,F,GPS,4.72,2.86,3.76,14,6,6,0,0,0,0
04/11/2025,09:12:13,47.474113333333335,19.058105,152.0,F,GPS,4.72,2.86,3.76,14,6,6,0,0,0,0
04/11/2025,09:12:14,47.47412333333333,19.0581,151.9,F,GPS,4.72,2.86,3.76,14,6,6,0,0,0,0
04/11/2025,09:12:14,47.47412333333333,19.0581,151.9,F,GPS,4.72,2.86,3.76,14,6,6,0,0,0,0
04/11/2025,09:12:14,47.47412333333333,19.0581,151.9,F,GPS,4.72,2.86,3.76,14,6,6,0,0,0,0
04/11/2025,09:12:14,47.47412333333333,19.0581,151.9,F,GPS,4.72,2.86,3.76,14,6,6,0,0,0,0
04/11/2025,09:12:15,47.474131666666665,19.058095,152.0,F,GPS,4.72,2.15,3.76,14,6,6,0,0,0,0
04/11/2025,09:12:15,47.474131666666665,19.058095,152.0,F,GPS,2.35,2.15,0.97,14,6,6,0,0,0,0
04/11/2025,09:12:15,47.474131666666665,19.058095,152.0,F,GPS,2.35,2.15,0.97,14,6,6,0,0,0,0
04/11/2025,09:12:15,47.474131666666665,19.058095,152.0,F,GPS,2.35,2.15,0.97,14,6,6,0,0,0,0
04/11/2025,09:12:16,47.47414166666667,19.058091666666666,152.0,F,GPS,2.35,2.15,0.97,14,6,6,0,0,0,0
04/11/2025,09:12:16,47.47414166666667,19.058091666666666,152.0,F,GPS,2.36,2.15,0.97,14,6,6,0,0,0,0
04/11/2025,09:12:16,47.47414166666667,19.058091666666666,152.0,F,GPS,2.36,2.15,0.97,14,6,6,0,0,0,0
04/11/2025,09:12:16,47.47414166666667,19.058091666666666,152.0,F,GPS,2.36,2.15,0.97,14,6,6,0,0,0,0
04/11/2025,09:12:17,47.47415,19.058086666666668,152.1,F,GPS,2.36,2.15,0.97,14,6,6,0,0,0,0
04/11/2025,09:12:17,47.47415,19.058086666666668,152.1,F,GPS,2.36,2.15,0.97,14,6,6,0,0,0,0
04/11/2025,09:12:17,47.47415,19.058086666666668,152.1,F,GPS,2.36,2.15,0.97,14,6,6,0,0,0,0
04/11/2025,09:12:17,47.47415,19.058086666666668,152.1,F,GPS,2.36,2.15,0.97,14,6,6,0,0,0,0
04/11/2025,09:12:18,47.47416166666667,19.058085,152.1,F,GPS,2.36,2.15,0.97,14,6,6,0,0,0,0
04/11/2025,09:12:18,47.47416166666667,19.058085,152.1,F,GPS,2.36,2.15,0.97,14,6,6,0,0,0,0
04/11/2025,09:12:18,47.47416166666667,19.058085,152.1,F,GPS,2.36,2.15,0.97,14,6,6,0,0,0,0
04/11/2025,09:12:18,47.47416166666667,19.058085,152.1,F,GPS,2.36,2.15,0.97,14,6,6,0,0,0,0
04/11/2025,09:12:18,47.47416166666667,19.058085,152.1,F,GPS,2.36,2.15,0.97,14,6,6,0,0,0,0
04/11/2025,09:12:19,47.474175,19.058085,152.1,F,GPS,2.36,2.15,0.97,14,6,6,0,0,0,0
04/11/2025,09:12:19,47.474175,19.058085,152.1,F,GPS,2.36,2.15,0.97,14,6,6,0,0,0,0
04/11/2025,09:12:19,47.474175,19.058085,152.1,F,GPS,2.36,2.15,0.97,14,6,6,0,0,0,0
04/11/2025,09:12:19,47.474175,19.058085,152.1,F,GPS,2.36,2.15,0.97,14,6,6,0,0,0,0
04/11/2025,09:12:20,47.47418666666667,19.058083333333332,152.1,F,GPS,2.36,2.86,0.97,14,6,6,0,0,0,0
04/11/2025,09:12:20,47.47418666666667,19.058083333333332,152.1,F,GPS,4.72,2.86,3.75,14,6,6,0,0,0,0
04/11/2025,09:12:20,47.47418666666667,19.058083333333332,152.1,F,GPS,4.72,2.86,3.75,14,6,6,0,0,0,0
04/11/2025,09:12:20,47.47418666666667,19.058083333333332,152.1,F,GPS,4.72,2.86,3.75,14,6,6,0,0,0,0
04/11/2025,09:12:21,47.474196666666664,19.058083333333332,152.2,F,GPS,4.72,2.86,3.75,14,6,6,0,0,0,0
04/11/2025,09:12:21,47.474196666666664,19.058083333333332,152.2,F,GPS,4.72,2.86,3.75,14,6,6,0,0,0,0
04/11/2025,09:12:21,47.474196666666664,19.058083333333332,152.2,F,GPS,4.72,2.86,3.75,14,6,6,0,0,0,0
04/11/2025,09:12:21,47.474196666666664,19.058083333333332,152.2,F,GPS,4.72,2.86,3.75,14,6,6,0,0,0,0
04/11/2025,09:12:22,47.474205,19.05808,152.1,F,GPS,4.72,2.86,3.75,14,6,6,0,0,0,0
04/11/2025,09:12:22,47.474205,19.05808,152.1,F,GPS,4.72,2.86,3.75,14,6,6,0,0,0,0
04/11/2025,09:12:22,47.474205,19.05808,152.1,F,GPS,4.72,2.86,3.75,14,6,6,0,0,0,0
04/11/2025,09:12:22,47.474205,19.05808,152.1,F,GPS,4.72,2.86,3.75,14,6,6,0,0,0,0
04/11/2025,09:12:23,47.474215,19.058075,152.1,F,GPS,4.72,2.86,3.75,14,6,6,0,0,0,0
04/11/2025,09:12:23,47.474215,19.058075,152.1,F,GPS,4.72,2.86,3.75,14,6,6,0,0,0,0
04/11/2025,09:12:23,47.474215,19.058075,152.1,F,GPS,4.72,2.86,3.75,14,6,6,0,0,0,0
04/11/2025,09:12:23,47.474215,19.058075,152.1,F,GPS,4.72,2.86,3.75,14,6,6,0,0,0,0
04/11/2025,09:12:23,47.474215,19.058075,152.1,F,GPS,4.72,2.86,3.75,14,6,6,0,0,0,0
04/11/2025,09:12:24,47.474223333333335,19.058068333333335,152.1,F,GPS,4.72,2.86,3.75,14,6,6,0,0,0,0
04/11/2025,09:12:24,47.474223333333335,19.058068333333335,152.1,F,GPS,4.72,2.86,3.75,14,6,6,0,0,0,0
04/11/2025,09:12:24,47.474223333333335,19.058068333333335,152.1,F,GPS,4.72,2.86,3.75,14,6,6,0,0,0,0
04/11/2025,09:12:24,47.474223333333335,19.058068333333335,152.1,F,GPS,4.72,2.86,3.75,14,6,6,0,0,0,0
04/11/2025,09:12:25,47.47423666666667,19.058066666666665,152.1,F,GPS,4.72,2.15,3.75,14,6,6,0,0,0,0
04/11/2025,09:12:25,47.47423666666667,19.058066666666665,152.1,F,GPS,2.36,2.15,0.97,14,6,6,0,0,0,0
04/11/2025,09:12:25,47.47423666666667,19.058066666666665,152.1,F,GPS,2.36,2.15,0.97,14,6,6,0,0,0,0
04/11/2025,09:12:25,47.47423666666667,19.058066666666665,152.1,F,GPS,2.36,2.15,0.97,14,6,6,0,0,0,0
04/11/2025,09:12:26,47.474248333333335,19.058066666666665,152.1,F,GPS,2.36,2.15,0.97,14,6,6,0,0,0,0
04/11/2025,09:12:26,47.474248333333335,19.058066666666665,152.1,F,GPS,2.36,2.15,0.97,14,6,6,0,0,0,0
04/11/2025,09:12:26,47.474248333333335,19.058066666666665,152.1,F,GPS,2.36,2.15,0.97,14,6,6,0,0,0,0
04/11/2025,09:12:26,47.474248333333335,19.058066666666665,152.1,F,GPS,2.36,2.15,0.97,14,6,6,0,0,0,0
04/11/2025,09:12:27,47.47426166666666,19.058066666666665,152.2,F,GPS,2.36,2.15,0.97,14,6,6,0,0,0,0
04/11/2025,09:12:27,47.47426166666666,19.058066666666665,152.2,F,GPS,2.36,2.15,0.97,14,6,6,0,0,0,0
04/11/2025,09:12:27,47.47426166666666,19.058066666666665,152.2,F,GPS,2.36,2.15,0.97,14,6,6,0,0,0,0
04/11/2025,09:12:27,47.47426166666666,19.058066666666665,152.2,F,GPS,2.36,2.15,0.97,14,6,6,0,0,0,0
04/11/2025,09:12:28,47.474275,19.058066666666665,152.2,F,GPS,2.36,2.86,0.97,14,6,6,0,0,0,0
04/11/2025,09:12:28,47.474275,19.058066666666665,152.2,F,GPS,4.72,2.86,3.75,14,6,6,0,0,0,0
04/11/2025,09:12:28,47.474275,19.058066666666665,152.2,F,GPS,4.72,2.86,3.75,14,6,6,0,0,0,0
04/11/2025,09:12:28,47.474275,19.058066666666665,152.2,F,GPS,4.72,2.86,3.75,14,6,6,0,0,0,0
04/11/2025,09:12:28,47.474275,19.058066666666665,152.2,F,GPS,4.72,2.86,3.75,14,6,6,0,0,0,0
04/11/2025,09:12:29,47.474286666666664,19.058063333333333,152.2,F,GPS,4.72,2.86,3.75,14,6,6,0,0,0,0
04/11/2025,09:12:29,47.474286666666664,19.058063333333333,152.2,F,GPS,4.71,2.86,3.75,14,6,6,0,0,0,0
04/11/2025,09:12:29,47.474286666666664,19.058063333333333,152.2,F,GPS,4.71,2.86,3.75,14,6,6,0,0,0,0
04/11/2025,09:12:29,47.474286666666664,19.058063333333333,152.2,F,GPS,4.71,2.86,3.75,14,6,6,0,0,0,0
04/11/2025,09:12:30,47.47429833333333,19.058061666666667,152.2,F,GPS,4.71,2.86,3.75,14,6,6,0,0,0,0
04/11/2025,09:12:30,47.47429833333333,19.058061666666667,152.2,F,GPS,4.71,2.86,3.75,14,6,6,0,0,0,0
04/11/2025,09:12:30,47.47429833333333,19.058061666666667,152.2,F,GPS,4.71,2.86,3.75,14,6,6,0,0,0,0
04/11/2025,09:12:30,47.47429833333333,19.058061666666667,152.2,F,GPS,4.71,2.86,3.75,14,6,6,0,0,0,0
04/11/2025,09:12:31,47.47431,19.05806,152.2,F,GPS,4.71,2.86,3.75,14,6,6,0,0,0,0
04/11/2025,09:12:31,47.47431,19.05806,152.2,F,GPS,4.72,2.86,3.75,14,6,6,0,0,0,0
04/11/2025,09:12:31,47.47431,19.05806,152.2,F,GPS,4.72,2.86,3.75,14,6,6,0,0,0,0
04/11/2025,09:12:31,47.47431,19.05806,152.2,F,GPS,4.72,2.86,3.75,14,6,6,0,0,0,0
04/11/2025,09:12:32,47.474318333333336,19.058058333333335,152.1,F,GPS,4.72,2.15,3.75,14,6,6,0,0,0,0
04/11/2025,09:12:32,47.474318333333336,19.058058333333335,152.1,F,GPS,2.36,2.15,0.97,14,6,6,0,0,0,0
04/11/2025,09:12:32,47.474318333333336,19.058058333333335,152.1,F,GPS,2.36,2.15,0.97,14,6,6,0,0,0,0
04/11/2025,09:12:32,47.474318333333336,19.058058333333335,152.1,F,GPS,2.36,2.15,0.97,14,6,6,0,0,0,0
04/11/2025,09:12:33,47.47432666666667,19.05806,152.1,F,GPS,2.36,2.86,0.97,14,6,6,0,0,0,0
04/11/2025,09:12:33,47.47432666666667,19.05806,152.1,F,GPS,4.71,2.86,3.75,14,6,6,0,0,0,0
04/11/2025,09:12:33,47.47432666666667,19.05806,152.1,F,GPS,4.71,2.86,3.75,14,6,6,0,0,0,0
04/11/2025,09:12:33,47.47432666666667,19.05806,152.1,F,GPS,4.71,2.86,3.75,14,6,6,0,0,0,0
04/11/2025,09:12:33,47.47432666666667,19.05806,152.1,F,GPS,4.71,2.86,3.75,14,6,6,0,0,0,0
04/11/2025,09:12:34,47.474338333333336,19.058058333333335,152.1,F,GPS,4.71,2.86,3.75,14,6,6,0,0,0,0
04/11/2025,09:12:34,47.474338333333336,19.058058333333335,152.1,F,GPS,4.71,2.86,3.75,14,6,6,0,0,0,0
04/11/2025,09:12:34,47.474338333333336,19.058058333333335,152.1,F,GPS,4.71,2.86,3.75,14,6,6,0,0,0,0
04/11/2025,09:12:34,47.474338333333336,19.058058333333335,152.1,F,GPS,4.71,2.86,3.75,14,6,6,0,0,0,0
04/11/2025,09:12:35,47.47434833333333,19.058056666666666,152.0,F,GPS,4.71,2.86,3.75,14,6,6,0,0,0,0
04/11/2025,09:12:35,47.47434833333333,19.058056666666666,152.0,F,GPS,4.71,2.86,3.75,14,6,6,0,0,0,0
04/11/2025,09:12:35,47.47434833333333,19.058056666666666,152.0,F,GPS,4.71,2.86,3.75,14,6,6,0,0,0,0
04/11/2025,09:12:35,47.47434833333333,19.058056666666666,152.0,F,GPS,4.71,2.86,3.75,14,6,6,0,0,0,0
04/11/2025,09:12:36,47.47436,19.058055,152.0,F,GPS,4.71,2.86,3.75,14,6,6,0,0,0,0
04/11/2025,09:12:36,47.47436,19.058055,152.0,F,GPS,4.71,2.86,3.75,14,6,6,0,0,0,0
04/11/2025,09:12:36,47.47436,19.058055,152.0,F,GPS,4.71,2.86,3.75,14,6,6,0,0,0,0
04/11/2025,09:12:36,47.47436,19.058055,152.0,F,GPS,4.71,2.86,3.75,14,6,6,0,0,0,0
04/11/2025,09:12:37,47.47437166666667,19.058053333333334,152.0,F,GPS,4.71,2.86,3.75,14,6,6,0,0,0,0
04/11/2025,09:12:37,47.47437166666667,19.058053333333334,152.0,F,GPS,4.71,2.86,3.74,14,6,6,0,0,0,0
04/11/2025,09:12:37,47.47437166666667,19.058053333333334,152.0,F,GPS,4.71,2.86,3.74,14,6,6,0,0,0,0
04/11/2025,09:12:37,47.47437166666667,19.058053333333334,152.0,F,GPS,4.71,2.86,3.74,14,6,6,0,0,0,0
04/11/2025,09:12:38,47.47438666666667,19.058053333333334,151.9,F,GPS,4.71,2.86,3.74,14,6,6,0,0,0,0
04/11/2025,09:12:38,47.47438666666667,19.058053333333334,151.9,F,GPS,4.71,2.86,3.74,14,6,6,0,0,0,0
04/11/2025,09:12:38,47.47438666666667,19.058053333333334,151.9,F,GPS,4.71,2.86,3.74,14,6,6,0,0,0,0
04/11/2025,09:12:38,47.47438666666667,19.058053333333334,151.9,F,GPS,4.71,2.86,3.74,14,6,6,0,0,0,0
04/11/2025,09:12:38,47.47438666666667,19.058053333333334,151.9,F,GPS,4.71,2.86,3.74,14,6,6,0,0,0,0
04/11/2025,09:12:39,47.474395,19.05805,151.9,F,GPS,4.71,2.86,3.74,14,6,6,0,0,0,0
04/11/2025,09:12:39,47.474395,19.05805,151.9,F,GPS,4.71,2.86,3.74,14,6,6,0,0,0,0
04/11/2025,09:12:39,47.474395,19.05805,151.9,F,GPS,4.71,2.86,3.74,14,6,6,0,0,0,0
04/11/2025,09:12:39,47.474395,19.05805,151.9,F,GPS,4.71,2.86,3.74,14,6,6,0,0,0,0
04/11/2025,09:12:40,47.47440666666667,19.058046666666666,151.9,F,GPS,4.71,2.86,3.74,14,6,6,0,0,0,0
04/11/2025,09:12:40,47.47440666666667,19.058046666666666,151.9,F,GPS,4.71,2.86,3.75,14,6,6,0,0,0,0
04/11/2025,09:12:40,47.47440666666667,19.058046666666666,151.9,F,GPS,4.71,2.86,3.75,14,6,6,0,0,0,0
04/11/2025,09:12:40,47.47440666666667,19.058046666666666,151.9,F,GPS,4.71,2.86,3.75,14,6,6,0,0,0,0
04/11/2025,09:12:41,47.47441833333333,19.058041666666668,151.8,F,GPS,4.71,2.86,3.75,14,6,6,0,0,0,0
04/11/2025,09:12:41,47.47441833333333,19.058041666666668,151.8,F,GPS,4.71,2.86,3.74,14,6,6,0,0,0,0
04/11/2025,09:12:41,47.47441833333333,19.058041666666668,151.8,F,GPS,4.71,2.86,3.74,14,6,6,0,0,0,0
04/11/2025,09:12:41,47.47441833333333,19.058041666666668,151.8,F,GPS,4.71,2.86,3.74,14,6,6,0,0,0,0
04/11/2025,09:12:42,47.474425,19.05804,151.7,F,GPS,4.71,2.86,3.74,14,6,6,0,0,0,0
04/11/2025,09:12:42,47.474425,19.05804,151.7,F,GPS,4.71,2.86,3.74,14,6,6,0,0,0,0
04/11/2025,09:12:42,47.474425,19.05804,151.7,F,GPS,4.71,2.86,3.74,14,6,6,0,0,0,0
04/11/2025,09:12:42,47.474425,19.05804,151.7,F,GPS,4.71,2.86,3.74,14,6,6,0,0,0,0
04/11/2025,09:12:43,47.47443833333333,19.058035,151.7,F,GPS,4.71,2.86,3.74,14,6,6,0,0,0,0
04/11/2025,09:12:43,47.47443833333333,19.058035,151.7,F,GPS,4.71,2.86,3.74,14,6,6,0,0,0,0
04/11/2025,09:12:43,47.47443833333333,19.058035,151.7,F,GPS,4.71,2.86,3.74,14,6,6,0,0,0,0
04/11/2025,09:12:43,47.47443833333333,19.058035,151.7,F,GPS,4.71,2.86,3.74,14,6,6,0,0,0,0
04/11/2025,09:12:43,47.47443833333333,19.058035,151.7,F,GPS,4.71,2.86,3.74,14,6,6,0,0,0,0
04/11/2025,09:12:44,47.47445,19.05803,151.7,F,GPS,4.71,2.86,3.74,14,6,6,0,0,0,0
04/11/2025,09:12:44,47.47445,19.05803,151.7,F,GPS,4.71,2.86,3.74,14,6,6,0,0,0,0
04/11/2025,09:12:44,47.47445,19.05803,151.7,F,GPS,4.71,2.86,3.74,14,6,6,0,0,0,0
04/11/2025,09:12:44,47.47445,19.05803,151.7,F,GPS,4.71,2.86,3.74,14,6,6,0,0,0,0
04/11/2025,09:12:45,47.47445666666667,19.058025,151.8,F,GPS,4.71,2.16,3.74,14,6,6,0,0,0,0
04/11/2025,09:12:45,47.47445666666667,19.058025,151.8,F,GPS,2.36,2.16,0.97,14,6,6,0,0,0,0
04/11/2025,09:12:45,47.47445666666667,19.058025,151.8,F,GPS,2.36,2.16,0.97,14,6,6,0,0,0,0
04/11/2025,09:12:45,47.47445666666667,19.058025,151.8,F,GPS,2.36,2.16,0.97,14,6,6,0,0,0,0
04/11/2025,09:12:46,47.474465,19.058018333333333,151.8,F,GPS,2.36,2.16,0.97,14,6,6,0,0,0,0
04/11/2025,09:12:46,47.474465,19.058018333333333,151.8,F,GPS,2.36,2.16,0.97,14,6,6,0,0,0,0
04/11/2025,09:12:46,47.474465,19.058018333333333,151.8,F,GPS,2.36,2.16,0.97,14,6,6,0,0,0,0
04/11/2025,09:12:46,47.474465,19.058018333333333,151.8,F,GPS,2.36,2.16,0.97,14,6,6,0,0,0,0
04/11/2025,09:12:47,47.474473333333336,19.058011666666665,151.8,F,GPS,2.36,2.16,0.97,14,6,6,0,0,0,0
04/11/2025,09:12:47,47.474473333333336,19.058011666666665,151.8,F,GPS,2.36,2.16,0.97,14,6,6,0,0,0,0
04/11/2025,09:12:47,47.474473333333336,19.058011666666665,151.8,F,GPS,2.36,2.16,0.97,14,6,6,0,0,0,0
04/11/2025,09:12:47,47.474473333333336,19.058011666666665,151.8,F,GPS,2.36,2.16,0.97,14,6,6,0,0,0,0
04/11/2025,09:12:48,47.47448333333333,19.05801,151.7,F,GPS,2.36,2.16,0.97,14,6,6,0,0,0,0
04/11/2025,09:12:48,47.47448333333333,19.05801,151.7,F,GPS,2.36,2.16,0.97,14,6,6,0,0,0,0
04/11/2025,09:12:48,47.47448333333333,19.05801,151.7,F,GPS,2.36,2.16,0.97,14,6,6,0,0,0,0
04/11/2025,09:12:48,47.47448333333333,19.05801,151.7,F,GPS,2.36,2.16,0.97,14,6,6,0,0,0,0
04/11/2025,09:12:48,47.47448333333333,19.05801,151.7,F,GPS,2.36,2.16,0.97,14,6,6,0,0,0,0
04/11/2025,09:12:49,47.474491666666665,19.058005,151.7,F,GPS,2.36,2.16,0.97,14,6,6,0,0,0,0
04/11/2025,09:12:49,47.474491666666665,19.058005,151.7,F,GPS,2.36,2.16,0.97,14,6,6,0,0,0,0
04/11/2025,09:12:49,47.474491666666665,19.058005,151.7,F,GPS,2.36,2.16,0.97,14,6,6,0,0,0,0
04/11/2025,09:12:49,47.474491666666665,19.058005,151.7,F,GPS,2.36,2.16,0.97,14,6,6,0,0,0,0
04/11/2025,09:12:50,47.47449833333334,19.057995,151.7,F,GPS,2.36,2.16,0.97,14,6,6,0,0,0,0
04/11/2025,09:12:50,47.47449833333334,19.057995,151.7,F,GPS,2.36,2.16,0.97,14,6,6,0,0,0,0
04/11/2025,09:12:50,47.47449833333334,19.057995,151.7,F,GPS,2.36,2.16,0.97,14,6,6,0,0,0,0
04/11/2025,09:12:50,47.47449833333334,19.057995,151.7,F,GPS,2.36,2.16,0.97,14,6,6,0,0,0,0
04/11/2025,09:12:51,47.47450666666667,19.05799,151.7,F,GPS,2.36,2.16,0.97,14,6,6,0,0,0,0
04/11/2025,09:12:51,47.47450666666667,19.05799,151.7,F,GPS,2.36,2.16,0.97,14,6,6,0,0,0,0
04/11/2025,09:12:51,47.47450666666667,19.05799,151.7,F,GPS,2.36,2.16,0.97,14,6,6,0,0,0,0
04/11/2025,09:12:51,47.47450666666667,19.05799,151.7,F,GPS,2.36,2.16,0.97,14,6,6,0,0,0,0
04/11/2025,09:12:52,47.474511666666665,19.057981666666667,151.7,F,GPS,2.36,2.16,0.97,14,6,6,0,0,0,0
04/11/2025,09:12:52,47.474511666666665,19.057981666666667,151.7,F,GPS,2.36,2.16,0.97,14,6,6,0,0,0,0
04/11/2025,09:12:52,47.474511666666665,19.057981666666667,151.7,F,GPS,2.36,2.16,0.97,14,6,6,0,0,0,0
04/11/2025,09:12:52,47.474511666666665,19.057981666666667,151.7,F,GPS,2.36,2.16,0.97,14,6,6,0,0,0,0
04/11/2025,09:12:53,47.47452,19.057978333333335,151.7,F,GPS,2.36,2.16,0.97,14,6,6,0,0,0,0
04/11/2025,09:12:53,47.47452,19.057978333333335,151.7,F,GPS,2.36,2.16,0.97,14,6,6,0,0,0,0
04/11/2025,09:12:53,47.47452,19.057978333333335,151.7,F,GPS,2.36,2.16,0.97,14,6,6,0,0,0,0
04/11/2025,09:12:53,47.47452,19.057978333333335,151.7,F,GPS,2.36,2.16,0.97,14,6,6,0,0,0,0
04/11/2025,09:12:53,47.47452,19.057978333333335,151.7,F,GPS,2.36,2.16,0.97,14,6,6,0,0,0,0
04/11/2025,09:12:54,47.47452666666667,19.057973333333333,151.7,F,GPS,2.36,2.16,0.97,14,6,6,0,0,0,0
04/11/2025,09:12:54,47.47452666666667,19.057973333333333,151.7,F,GPS,2.37,2.16,0.97,14,6,6,0,0,0,0
04/11/2025,09:12:54,47.47452666666667,19.057973333333333,151.7,F,GPS,2.37,2.16,0.97,14,6,6,0,0,0,0
04/11/2025,09:12:54,47.47452666666667,19.057973333333333,151.7,F,GPS,2.37,2.16,0.97,14,6,6,0,0,0,0
04/11/2025,09:12:55,47.47453333333333,19.05797,151.7,F,GPS,2.37,2.16,0.97,14,6,6,0,0,0,0
04/11/2025,09:12:55,47.47453333333333,19.05797,151.7,F,GPS,2.36,2.16,0.97,14,6,6,0,0,0,0
04/11/2025,09:12:55,47.47453333333333,19.05797,151.7,F,GPS,2.36,2.16,0.97,14,6,6,0,0,0,0
04/11/2025,09:12:55,47.47453333333333,19.05797,151.7,F,GPS,2.36,2.16,0.97,14,6,6,0,0,0,0
04/11/2025,09:12:56,47.47454166666667,19.057966666666665,151.7,F,GPS,2.36,2.16,0.97,14,6,6,0,0,0,0
04/11/2025,09:12:56,47.47454166666667,19.057966666666665,151.7,F,GPS,2.37,2.16,0.97,14,6,6,0,0,0,0
04/11/2025,09:12:56,47.47454166666667,19.057966666666665,151.7,F,GPS,2.37,2.16,0.97,14,6,6,0,0,0,0
04/11/2025,09:12:56,47.47454166666667,19.057966666666665,151.7,F,GPS,2.37,2.16,0.97,14,6,6,0,0,0,0
04/11/2025,09:12:57,47.47455333333333,19.057963333333333,151.7,F,GPS,2.37,2.16,0.97,14,6,6,0,0,0,0
04/11/2025,09:12:57,47.47455333333333,19.057963333333333,151.7,F,GPS,2.37,2.16,0.97,14,6,6,0,0,0,0
04/11/2025,09:12:57,47.47455333333333,19.057963333333333,151.7,F,GPS,2.37,2.16,0.97,14,6,6,0,0,0,0
04/11/2025,09:12:57,47.47455333333333,19.057963333333333,151.7,F,GPS,2.37,2.16,0.97,14,6,6,0,0,0,0
04/11/2025,09:12:58,47.474565,19.05796,151.7,F,GPS,2.37,2.16,0.97,14,6,6,0,0,0,0
04/11/2025,09:12:58,47.474565,19.05796,151.7,F,GPS,2.37,2.16,0.97,14,6,6,0,0,0,0
04/11/2025,09:12:58,47.474565,19.05796,151.7,F,GPS,2.37,2.16,0.97,14,6,6,0,0,0,0
04/11/2025,09:12:58,47.474565,19.05796,151.7,F,GPS,2.37,2.16,0.97,14,6,6,0,0,0,0
04/11/2025,09:12:58,47.474565,19.05796,151.7,F,GPS,2.37,2.16,0.97,14,6,6,0,0,0,0
04/11/2025,09:12:59,47.47458,19.057956666666666,151.7,F,GPS,2.37,2.16,0.97,14,6,6,0,0,0,0
04/11/2025,09:12:59,47.47458,19.057956666666666,151.7,F,GPS,2.37,2.16,0.97,14,6,6,0,0,0,0
04/11/2025,09:12:59,47.47458,19.057956666666666,151.7,F,GPS,2.37,2.16,0.97,14,6,6,0,0,0,0
04/11/2025,09:12:59,47.47458,19.057956666666666,151.7,F,GPS,2.37,2.16,0.97,14,6,6,0,0,0,0
04/11/2025,09:13:00,47.47459166666667,19.057951666666668,151.7,F,GPS,2.37,2.16,0.97,14,6,6,0,0,0,0
04/11/2025,09:13:00,47.47459166666667,19.057951666666668,151.7,F,GPS,2.37,2.16,0.97,14,6,6,0,0,0,0
04/11/2025,09:13:00,47.47459166666667,19.057951666666668,151.7,F,GPS,2.37,2.16,0.97,14,6,6,0,0,0,0
04/11/2025,09:13:00,47.47459166666667,19.057951666666668,151.7,F,GPS,2.37,2.16,0.97,14,6,6,0,0,0,0
04/11/2025,09:13:01,47.474608333333336,19.057946666666666,151.5,F,GPS,2.37,2.16,0.97,14,6,6,0,0,0,0
04/11/2025,09:13:01,47.474608333333336,19.057946666666666,151.5,F,GPS,2.37,2.16,0.97,14,6,6,0,0,0,0
04/11/2025,09:13:01,47.474608333333336,19.057946666666666,151.5,F,GPS,2.37,2.16,0.97,14,6,6,0,0,0,0
04/11/2025,09:13:01,47.474608333333336,19.057946666666666,151.5,F,GPS,2.37,2.16,0.97,14,6,6,0,0,0,0
04/11/2025,09:13:02,47.474621666666664,19.057943333333334,151.5,F,GPS,2.37,2.86,0.97,14,6,6,0,0,0,0
04/11/2025,09:13:02,47.474621666666664,19.057943333333334,151.5,F,GPS,4.70,2.86,3.73,14,6,6,0,0,0,0
04/11/2025,09:13:02,47.474621666666664,19.057943333333334,151.5,F,GPS,4.70,2.86,3.73,14,6,6,0,0,0,0
04/11/2025,09:13:02,47.474621666666664,19.057943333333334,151.5,F,GPS,4.70,2.86,3.73,14,6,6,0,0,0,0
04/11/2025,09:13:03,47.474635,19.057936666666667,151.5,F,GPS,4.70,2.86,3.73,14,6,6,0,0,0,0
04/11/2025,09:13:03,47.474635,19.057936666666667,151.5,F,GPS,4.70,2.86,3.73,14,6,6,0,0,0,0
04/11/2025,09:13:03,47.474635,19.057936666666667,151.5,F,GPS,4.70,2.86,3.73,14,6,6,0,0,0,0
04/11/2025,09:13:03,47.474635,19.057936666666667,151.5,F,GPS,4.70,2.86,3.73,14,6,6,0,0,0,0
04/11/2025,09:13:03,47.474635,19.057936666666667,151.5,F,GPS,4.70,2.86,3.73,14,6,6,0,0,0,0
04/11/2025,09:13:04,47.47464333333333,19.057926666666667,151.5,F,GPS,4.70,2.16,3.73,14,6,6,0,0,0,0
04/11/2025,09:13:04,47.47464333333333,19.057926666666667,151.5,F,GPS,2.37,2.16,0.97,14,6,6,0,0,0,0
04/11/2025,09:13:04,47.47464333333333,19.057926666666667,151.5,F,GPS,2.37,2.16,0.97,14,6,6,0,0,0,0
04/11/2025,09:13:04,47.47464333333333,19.057926666666667,151.5,F,GPS,2.37,2.16,0.97,14,6,6,0,0,0,0
04/11/2025,09:13:05,47.47465,19.057915,151.4,F,GPS,2.37,2.16,0.97,14,6,6,0,0,0,0
04/11/2025,09:13:05,47.47465,19.057915,151.4,F,GPS,2.37,2.16,0.97,14,6,6,0,0,0,0
04/11/2025,09:13:05,47.47465,19.057915,151.4,F,GPS,2.37,2.16,0.97,14,6,6,0,0,0,0
04/11/2025,09:13:05,47.47465,19.057915,151.4,F,GPS,2.37,2.16,0.97,14,6,6,0,0,0,0
04/11/2025,09:13:06,47.47465833333333,19.0579,151.4,F,GPS,2.37,2.16,0.97,14,6,6,0,0,0,0
04/11/2025,09:13:06,47.47465833333333,19.0579,151.4,F,GPS,2.37,2.16,0.97,14,6,6,0,0,0,0
04/11/2025,09:13:06,47.47465833333333,19.0579,151.4,F,GPS,2.37,2.16,0.97,14,6,6,0,0,0,0
04/11/2025,09:13:06,47.47465833333333,19.0579,151.4,F,GPS,2.37,2.16,0.97,14,6,6,0,0,0,0
04/11/2025,09:13:07,47.474666666666664,19.05788666666667,151.3,F,GPS,2.37,2.16,0.97,14,6,6,0,0,0,0
04/11/2025,09:13:07,47.474666666666664,19.05788666666667,151.3,F,GPS,2.37,2.16,0.97,14,6,6,0,0,0,0
04/11/2025,09:13:07,47.474666666666664,19.05788666666667,151.3,F,GPS,2.37,2.16,0.97,14,6,6,0,0,0,0
04/11/2025,09:13:07,47.474666666666664,19.05788666666667,151.3,F,GPS,2.37,2.16,0.97,14,6,6,0,0,0,0
04/11/2025,09:13:08,47.474675,19.05787,151.3,F,GPS,2.37,2.16,0.97,14,6,6,0,0,0,0
04/11/2025,09:13:08,47.474675,19.05787,151.3,F,GPS,2.37,2.16,0.97,14,6,6,0,0,0,0
04/11/2025,09:13:08,47.474675,19.05787,151.3,F,GPS,2.37,2.16,0.97,14,6,6,0,0,0,0
04/11/2025,09:13:08,47.474675,19.05787,151.3,F,GPS,2.37,2.16,0.97,14,6,6,0,0,0,0
04/11/2025,09:13:08,47.474675,19.05787,151.3,F,GPS,2.37,2.16,0.97,14,6,6,0,0,0,0
04/11/2025,09:13:09,47.47467833333333,19.057853333333334,151.2,F,GPS,2.37,2.16,0.97,14,6,6,0,0,0,0
04/11/2025,09:13:09,47.47467833333333,19.057853333333334,151.2,F,GPS,2.37,2.16,0.97,14,6,6,0,0,0,0
04/11/2025,09:13:09,47.47467833333333,19.057853333333334,151.2,F,GPS,2.37,2.16,0.97,14,6,6,0,0,0,0
04/11/2025,09:13:09,47.47467833333333,19.057853333333334,151.2,F,GPS,2.37,2.16,0.97,14,6,6,0,0,0,0
04/11/2025,09:13:10,47.47468333333333,19.057836666666667,151.1,F,GPS,2.37,2.16,0.97,14,6,6,0,0,0,0
04/11/2025,09:13:10,47.47468333333333,19.057836666666667,151.1,F,GPS,2.37,2.16,0.97,14,6,6,0,0,0,0
04/11/2025,09:13:10,47.47468333333333,19.057836666666667,151.1,F,GPS,2.37,2.16,0.97,14,6,6,0,0,0,0
04/11/2025,09:13:10,47.47468333333333,19.057836666666667,151.1,F,GPS,2.37,2.16,0.97,14,6,6,0,0,0,0
04/11/2025,09:13:11,47.47468833333333,19.05782333333333,151.0,F,GPS,2.37,2.16,0.97,14,6,6,0,0,0,0
04/11/2025,09:13:11,47.47468833333333,19.05782333333333,151.0,F,GPS,2.37,2.16,0.97,14,6,6,0,0,0,0
04/11/2025,09:13:11,47.47468833333333,19.05782333333333,151.0,F,GPS,2.37,2.16,0.97,14,6,6,0,0,0,0
04/11/2025,09:13:11,47.47468833333333,19.05782333333333,151.0,F,GPS,2.37,2.16,0.97,14,6,6,0,0,0,0
04/11/2025,09:13:12,47.474691666666665,19.05781,151.0,F,GPS,2.37,2.17,0.97,14,6,6,0,0,0,0
04/11/2025,09:13:12,47.474691666666665,19.05781,151.0,F,GPS,2.37,2.17,0.97,14,6,6,0,0,0,0
04/11/2025,09:13:12,47.474691666666665,19.05781,151.0,F,GPS,2.37,2.17,0.97,14,6,6,0,0,0,0
04/11/2025,09:13:12,47.474691666666665,19.05781,151.0,F,GPS,2.37,2.17,0.97,14,6,6,0,0,0,0
04/11/2025,09:13:13,47.474695,19.05779666666667,151.0,F,GPS,2.37,2.16,0.97,14,6,6,0,0,0,0
04/11/2025,09:13:13,47.474695,19.05779666666667,151.0,F,GPS,2.37,2.16,0.97,14,6,6,0,0,0,0
04/11/2025,09:13:13,47.474695,19.05779666666667,151.0,F,GPS,2.37,2.16,0.97,14,6,6,0,0,0,0
04/11/2025,09:13:13,47.474695,19.05779666666667,151.0,F,GPS,2.37,2.16,0.97,14,6,6,0,0,0,0
04/11/2025,09:13:13,47.474695,19.05779666666667,151.0,F,GPS,2.37,2.16,0.97,14,6,6,0,0,0,0
04/11/2025,09:13:14,47.47469666666667,19.057785,150.9,F,GPS,2.37,2.16,0.97,14,6,6,0,0,0,0
04/11/2025,09:13:14,47.47469666666667,19.057785,150.9,F,GPS,2.37,2.16,0.97,14,6,6,0,0,0,0
04/11/2025,09:13:14,47.47469666666667,19.057785,150.9,F,GPS,2.37,2.16,0.97,14,6,6,0,0,0,0
04/11/2025,09:13:14,47.47469666666667,19.057785,150.9,F,GPS,2.37,2.16,0.97,14,6,6,0,0,0,0
04/11/2025,09:13:15,47.47469666666667,19.057771666666667,150.9,F,GPS,2.37,2.16,0.97,14,6,6,0,0,0,0
04/11/2025,09:13:15,47.47469666666667,19.057771666666667,150.9,F,GPS,2.37,2.16,0.97,14,6,6,0,0,0,0
04/11/2025,09:13:15,47.47469666666667,19.057771666666667,150.9,F,GPS,2.37,2.16,0.97,14,6,6,0,0,0,0
04/11/2025,09:13:15,47.47469666666667,19.057771666666667,150.9,F,GPS,2.37,2.16,0.97,14,6,6,0,0,0,0
04/11/2025,09:13:16,47.47470333333333,19.057756666666666,150.9,F,GPS,2.37,2.16,0.97,14,6,6,0,0,0,0
04/11/2025,09:13:16,47.47470333333333,19.057756666666666,150.9,F,GPS,2.37,2.16,0.97,14,6,6,0,0,0,0
04/11/2025,09:13:16,47.47470333333333,19.057756666666666,150.9,F,GPS,2.37,2.16,0.97,14,6,6,0,0,0,0
04/11/2025,09:13:16,47.47470333333333,19.057756666666666,150.9,F,GPS,2.37,2.16,0.97,14,6,6,0,0,0,0
04/11/2025,09:13:17,47.474705,19.057741666666665,150.9,F,GPS,2.37,2.16,0.97,14,6,6,0,0,0,0
04/11/2025,09:13:17,47.474705,19.057741666666665,150.9,F,GPS,2.37,2.16,0.97,14,6,6,0,0,0,0
04/11/2025,09:13:17,47.474705,19.057741666666665,150.9,F,GPS,2.37,2.16,0.97,14,6,6,0,0,0,0
04/11/2025,09:13:17,47.474705,19.057741666666665,150.9,F,GPS,2.37,2.16,0.97,14,6,6,0,0,0,0
04/11/2025,09:13:18,47.47470666666667,19.057728333333333,150.9,F,GPS,2.37,2.16,0.97,14,6,6,0,0,0,0
04/11/2025,09:13:18,47.47470666666667,19.057728333333333,150.9,F,GPS,2.37,2.16,0.97,14,6,6,0,0,0,0
04/11/2025,09:13:18,47.47470666666667,19.057728333333333,150.9,F,GPS,2.37,2.16,0.97,14,6,6,0,0,0,0
04/11/2025,09:13:18,47.47470666666667,19.057728333333333,150.9,F,GPS,2.37,2.16,0.97,14,6,6,0,0,0,0
04/11/2025,09:13:18,47.47470666666667,19.057728333333333,150.9,F,GPS,2.37,2.16,0.97,14,6,6,0,0,0,0
04/11/2025,09:13:19,47.47470833333333,19.057715,150.9,F,GPS,2.37,2.17,0.97,14,6,6,0,0,0,0
04/11/2025,09:13:19,47.47470833333333,19.057715,150.9,F,GPS,2.37,2.17,0.97,14,6,6,0,0,0,0
04/11/2025,09:13:19,47.47470833333333,19.057715,150.9,F,GPS,2.37,2.17,0.97,14,6,6,0,0,0,0
04/11/2025,09:13:19,47.47470833333333,19.057715,150.9,F,GPS,2.37,2.17,0.97,14,6,6,0,0,0,0
04/11/2025,09:13:20,47.47470833333333,19.057701666666667,150.9,F,GPS,2.37,2.17,0.97,14,6,6,0,0,0,0
04/11/2025,09:13:20,47.47470833333333,19.057701666666667,150.9,F,GPS,2.37,2.17,0.97,14,6,6,0,0,0,0
04/11/2025,09:13:20,47.47470833333333,19.057701666666667,150.9,F,GPS,2.37,2.17,0.97,14,6,6,0,0,0,0
04/11/2025,09:13:20,47.47470833333333,19.057701666666667,150.9,F,GPS,2.37,2.17,0.97,14,6,6,0,0,0,0
04/11/2025,09:13:21,47.474711666666664,19.057695,150.9,F,GPS,2.37,2.17,0.97,14,6,6,0,0,0,0
04/11/2025,09:13:21,47.474711666666664,19.057695,150.9,F,GPS,2.37,2.17,0.97,14,6,6,0,0,0,0
04/11/2025,09:13:21,47.474711666666664,19.057695,150.9,F,GPS,2.37,2.17,0.97,14,6,6,0,0,0,0
04/11/2025,09:13:21,47.474711666666664,19.057695,150.9,F,GPS,2.37,2.17,0.97,14,6,6,0,0,0,0
04/11/2025,09:13:22,47.474715,19.057685,150.9,F,GPS,2.37,2.17,0.97,14,6,6,0,0,0,0
04/11/2025,09:13:22,47.474715,19.057685,150.9,F,GPS,2.37,2.17,0.97,14,6,6,0,0,0,0
04/11/2025,09:13:22,47.474715,19.057685,150.9,F,GPS,2.37,2.17,0.97,14,6,6,0,0,0,0
04/11/2025,09:13:22,47.474715,19.057685,150.9,F,GPS,2.37,2.17,0.97,14,6,6,0,0,0,0
04/11/2025,09:13:23,47.474715,19.057675,150.9,F,GPS,2.37,2.17,0.97,14,6,6,0,0,0,0
04/11/2025,09:13:23,47.474715,19.057675,150.9,F,GPS,2.37,2.17,0.97,14,6,6,0,0,0,0
04/11/2025,09:13:23,47.474715,19.057675,150.9,F,GPS,2.37,2.17,0.97,14,6,6,0,0,0,0
04/11/2025,09:13:23,47.474715,19.057675,150.9,F,GPS,2.37,2.17,0.97,14,6,6,0,0,0,0
04/11/2025,09:13:23,47.474715,19.057675,150.9,F,GPS,2.37,2.17,0.97,14,6,6,0,0,0,0
04/11/2025,09:13:24,47.474715,19.057668333333332,150.8,F,GPS,2.37,2.17,0.97,14,6,6,0,0,0,0
04/11/2025,09:13:24,47.474715,19.057668333333332,150.8,F,GPS,2.37,2.17,0.97,14,6,6,0,0,0,0
04/11/2025,09:13:24,47.474715,19.057668333333332,150.8,F,GPS,2.37,2.17,0.97,14,6,6,0,0,0,0
04/11/2025,09:13:24,47.474715,19.057668333333332,150.8,F,GPS,2.37,2.17,0.97,14,6,6,0,0,0,0
04/11/2025,09:13:25,47.47470833333333,19.05765166666667,150.8,F,GPS,2.37,2.17,0.97,14,6,6,0,0,0,0
04/11/2025,09:13:25,47.47470833333333,19.05765166666667,150.8,F,GPS,2.37,2.17,0.97,14,6,6,0,0,0,0
04/11/2025,09:13:25,47.47470833333333,19.05765166666667,150.8,F,GPS,2.37,2.17,0.97,14,6,6,0,0,0,0
04/11/2025,09:13:25,47.47470833333333,19.05765166666667,150.8,F,GPS,2.37,2.17,0.97,14,6,6,0,0,0,0
04/11/2025,09:13:26,47.47470666666667,19.057636666666667,150.7,F,GPS,2.37,2.17,0.97,14,6,6,0,0,0,0
04/11/2025,09:13:26,47.47470666666667,19.057636666666667,150.7,F,GPS,2.37,2.17,0.97,14,6,6,0,0,0,0
04/11/2025,09:13:26,47.47470666666667,19.057636666666667,150.7,F,GPS,2.37,2.17,0.97,14,6,6,0,0,0,0
04/11/2025,09:13:26,47.47470666666667,19.057636666666667,150.7,F,GPS,2.37,2.17,0.97,14,6,6,0,0,0,0
04/11/2025,09:13:27,47.47470333333333,19.057621666666666,150.6,F,GPS,2.37,2.17,0.97,14,6,6,0,0,0,0
04/11/2025,09:13:27,47.47470333333333,19.057621666666666,150.6,F,GPS,2.37,2.17,0.97,14,6,6,0,0,0,0
04/11/2025,09:13:27,47.47470333333333,19.057621666666666,150.6,F,GPS,2.37,2.17,0.97,14,6,6,0,0,0,0
04/11/2025,09:13:27,47.47470333333333,19.057621666666666,150.6,F,GPS,2.37,2.17,0.97,14,6,6,0,0,0,0
04/11/2025,09:13:28,47.47470166666667,19.057605,150.6,F,GPS,2.37,2.17,0.97,14,6,6,0,0,0,0
04/11/2025,09:13:28,47.47470166666667,19.057605,150.6,F,GPS,2.37,2.17,0.97,14,6,6,0,0,0,0
04/11/2025,09:13:28,47.47470166666667,19.057605,150.6,F,GPS,2.37,2.17,0.97,14,6,6,0,0,0,0
04/11/2025,09:13:28,47.47470166666667,19.057605,150.6,F,GPS,2.37,2.17,0.97,14,6,6,0,0,0,0
04/11/2025,09:13:28,47.47470166666667,19.057605,150.6,F,GPS,2.37,2.17,0.97,14,6,6,0,0,0,0
04/11/2025,09:13:29,47.474698333333336,19.05758833333333,150.5,F,GPS,2.37,2.17,0.97,14,6,6,0,0,0,0
04/11/2025,09:13:29,47.474698333333336,19.05758833333333,150.5,F,GPS,2.37,2.17,0.97,14,6,6,0,0,0,0
04/11/2025,09:13:29,47.474698333333336,19.05758833333333,150.5,F,GPS,2.37,2.17,0.97,14,6,6,0,0,0,0
04/11/2025,09:13:29,47.474698333333336,19.05758833333333,150.5,F,GPS,2.37,2.17,0.97,14,6,6,0,0,0,0
04/11/2025,09:13:30,47.47471,19.057575,150.4,F,GPS,2.37,2.17,0.97,14,6,6,0,0,0,0
04/11/2025,09:13:30,47.47471,19.057575,150.4,F,GPS,2.37,2.17,0.97,14,6,6,0,0,0,0
04/11/2025,09:13:30,47.47471,19.057575,150.4,F,GPS,2.37,2.17,0.97,14,6,6,0,0,0,0
04/11/2025,09:13:30,47.47471,19.057575,150.4,F,GPS,2.37,2.17,0.97,14,6,6,0,0,0,0
04/11/2025,09:13:31,47.47473,19.057565,150.3,F,GPS,2.37,2.17,0.97,14,6,6,0,0,0,0
04/11/2025,09:13:31,47.47473,19.057565,150.3,F,GPS,2.37,2.17,0.97,14,6,6,0,0,0,0
04/11/2025,09:13:31,47.47473,19.057565,150.3,F,GPS,2.37,2.17,0.97,14,6,6,0,0,0,0
04/11/2025,09:13:31,47.47473,19.057565,150.3,F,GPS,2.37,2.17,0.97,14,6,6,0,0,0,0
04/11/2025,09:13:32,47.474735,19.057548333333333,150.3,F,GPS,2.37,2.17,0.97,14,6,6,0,0,0,0
04/11/2025,09:13:32,47.474735,19.057548333333333,150.3,F,GPS,2.37,2.17,0.97,14,6,6,0,0,0,0
04/11/2025,09:13:32,47.474735,19.057548333333333,150.3,F,GPS,2.37,2.17,0.97,14,6,6,0,0,0,0
04/11/2025,09:13:32,47.474735,19.057548333333333,150.3,F,GPS,2.37,2.17,0.97,14,6,6,0,0,0,0
04/11/2025,09:13:33,47.47474,19.057535,150.1,F,GPS,2.37,2.17,0.97,14,6,6,0,0,0,0
04/11/2025,09:13:33,47.47474,19.057535,150.1,F,GPS,2.37,2.17,0.97,14,6,6,0,0,0,0
04/11/2025,09:13:33,47.47474,19.057535,150.1,F,GPS,2.37,2.17,0.97,14,6,6,0,0,0,0
04/11/2025,09:13:33,47.47474,19.057535,150.1,F,GPS,2.37,2.17,0.97,14,6,6,0,0,0,0
04/11/2025,09:13:33,47.47474,19.057535,150.1,F,GPS,2.37,2.17,0.97,14,6,6,0,0,0,0
04/11/2025,09:13:34,47.47474,19.057525,150.0,F,GPS,2.37,2.17,0.97,14,6,6,0,0,0,0
04/11/2025,09:13:34,47.47474,19.057525,150.0,F,GPS,2.37,2.17,0.97,14,6,6,0,0,0,0
04/11/2025,09:13:34,47.47474,19.057525,150.0,F,GPS,2.37,2.17,0.97,14,6,6,0,0,0,0
04/11/2025,09:13:34,47.47474,19.057525,150.0,F,GPS,2.37,2.17,0.97,14,6,6,0,0,0,0
04/11/2025,09:13:35,47.47473,19.057511666666667,149.9,F,GPS,2.37,2.17,0.97,14,6,6,0,0,0,0
04/11/2025,09:13:35,47.47473,19.057511666666667,149.9,F,GPS,2.37,2.17,0.97,14,6,6,0,0,0,0
04/11/2025,09:13:35,47.47473,19.057511666666667,149.9,F,GPS,2.37,2.17,0.97,14,6,6,0,0,0,0
04/11/2025,09:13:35,47.47473,19.057511666666667,149.9,F,GPS,2.37,2.17,0.97,14,6,6,0,0,0,0
04/11/2025,09:13:36,47.474725,19.057495,149.9,F,GPS,2.37,2.17,0.97,14,6,6,0,0,0,0
04/11/2025,09:13:36,47.474725,19.057495,149.9,F,GPS,2.37,2.17,0.97,14,6,6,0,0,0,0
04/11/2025,09:13:36,47.474725,19.057495,149.9,F,GPS,2.37,2.17,0.97,14,6,6,0,0,0,0
04/11/2025,09:13:36,47.474725,19.057495,149.9,F,GPS,2.37,2.17,0.97,14,6,6,0,0,0,0
04/11/2025,09:13:37,47.47472833333333,19.057483333333334,149.8,F,GPS,2.37,2.17,0.97,14,6,6,0,0,0,0
04/11/2025,09:13:37,47.47472833333333,19.057483333333334,149.8,F,GPS,2.37,2.17,0.97,14,6,6,0,0,0,0
04/11/2025,09:13:37,47.47472833333333,19.057483333333334,149.8,F,GPS,2.37,2.17,0.97,14,6,6,0,0,0,0
04/11/2025,09:13:37,47.47472833333333,19.057483333333334,149.8,F,GPS,2.37,2.17,0.97,14,6,6,0,0,0,0
04/11/2025,09:13:38,47.47474,19.05747,149.7,F,GPS,2.37,2.17,0.97,14,6,6,0,0,0,0
04/11/2025,09:13:38,47.47474,19.05747,149.7,F,GPS,2.37,2.17,0.97,14,6,6,0,0,0,0
04/11/2025,09:13:38,47.47474,19.05747,149.7,F,GPS,2.37,2.17,0.97,14,6,6,0,0,0,0
04/11/2025,09:13:38,47.47474,19.05747,149.7,F,GPS,2.37,2.17,0.97,14,6,6,0,0,0,0
04/11/2025,09:13:38,47.47474,19.05747,149.7,F,GPS,2.37,2.17,0.97,14,6,6,0,0,0,0
04/11/2025,09:13:39,47.474736666666665,19.057455,149.7,F,GPS,2.37,2.17,0.97,14,6,6,0,0,0,0
04/11/2025,09:13:39,47.474736666666665,19.057455,149.7,F,GPS,2.37,2.17,0.97,14,6,6,0,0,0,0
04/11/2025,09:13:39,47.474736666666665,19.057455,149.7,F,GPS,2.37,2.17,0.97,14,6,6,0,0,0,0
04/11/2025,09:13:39,47.474736666666665,19.057455,149.7,F,GPS,2.37,2.17,0.97,14,6,6,0,0,0,0
04/11/2025,09:13:40,47.47474166666667,19.057441666666666,149.7,F,GPS,2.37,2.17,0.97,14,6,6,0,0,0,0
04/11/2025,09:13:40,47.47474166666667,19.057441666666666,149.7,F,GPS,2.38,2.17,0.97,14,6,6,0,0,0,0
04/11/2025,09:13:40,47.47474166666667,19.057441666666666,149.7,F,GPS,2.38,2.17,0.97,14,6,6,0,0,0,0
04/11/2025,09:13:40,47.47474166666667,19.057441666666666,149.7,F,GPS,2.38,2.17,0.97,14,6,6,0,0,0,0
04/11/2025,09:13:41,47.474758333333334,19.057428333333334,149.6,F,GPS,2.38,2.17,0.97,14,6,6,0,0,0,0
04/11/2025,09:13:41,47.474758333333334,19.057428333333334,149.6,F,GPS,2.38,2.17,0.97,14,6,6,0,0,0,0
04/11/2025,09:13:41,47.474758333333334,19.057428333333334,149.6,F,GPS,2.38,2.17,0.97,14,6,6,0,0,0,0
04/11/2025,09:13:41,47.474758333333334,19.057428333333334,149.6,F,GPS,2.38,2.17,0.97,14,6,6,0,0,0,0
04/11/2025,09:13:42,47.47475333333333,19.057411666666667,149.7,F,GPS,2.38,2.17,0.97,14,6,6,0,0,0,0
04/11/2025,09:13:42,47.47475333333333,19.057411666666667,149.7,F,GPS,2.38,2.17,0.97,14,6,6,0,0,0,0
04/11/2025,09:13:42,47.47475333333333,19.057411666666667,149.7,F,GPS,2.38,2.17,0.97,14,6,6,0,0,0,0
04/11/2025,09:13:42,47.47475333333333,19.057411666666667,149.7,F,GPS,2.38,2.17,0.97,14,6,6,0,0,0,0
04/11/2025,09:13:43,47.474765,19.05739833333333,149.6,F,GPS,2.38,2.17,0.97,14,6,6,0,0,0,0
04/11/2025,09:13:43,47.474765,19.05739833333333,149.6,F,GPS,2.38,2.17,0.97,14,6,6,0,0,0,0
04/11/2025,09:13:43,47.474765,19.05739833333333,149.6,F,GPS,2.38,2.17,0.97,14,6,6,0,0,0,0
04/11/2025,09:13:43,47.474765,19.05739833333333,149.6,F,GPS,2.38,2.17,0.97,14,6,6,0,0,0,0
04/11/2025,09:13:43,47.474765,19.05739833333333,149.6,F,GPS,2.38,2.17,0.97,14,6,6,0,0,0,0
04/11/2025,09:13:44,47.47477833333333,19.057383333333334,149.6,F,GPS,2.38,2.17,0.97,14,6,6,0,0,0,0
04/11/2025,09:13:44,47.47477833333333,19.057383333333334,149.6,F,GPS,2.38,2.17,0.97,14,6,6,0,0,0,0
04/11/2025,09:13:44,47.47477833333333,19.057383333333334,149.6,F,GPS,2.38,2.17,0.97,14,6,6,0,0,0,0
04/11/2025,09:13:44,47.47477833333333,19.057383333333334,149.6,F,GPS,2.38,2.17,0.97,14,6,6,0,0,0,0
04/11/2025,09:13:45,47.47478666666667,19.057368333333333,149.6,F,GPS,2.38,2.17,0.97,14,6,6,0,0,0,0
04/11/2025,09:13:45,47.47478666666667,19.057368333333333,149.6,F,GPS,2.38,2.17,0.97,14,6,6,0,0,0,0
04/11/2025,09:13:45,47.47478666666667,19.057368333333333,149.6,F,GPS,2.38,2.17,0.97,14,6,6,0,0,0,0
04/11/2025,09:13:45,47.47478666666667,19.057368333333333,149.6,F,GPS,2.38,2.17,0.97,14,6,6,0,0,0,0
04/11/2025,09:13:46,47.47479333333333,19.057355,149.6,F,GPS,2.38,2.17,0.97,14,6,6,0,0,0,0
04/11/2025,09:13:46,47.47479333333333,19.057355,149.6,F,GPS,2.38,2.17,0.97,14,6,6,0,0,0,0
04/11/2025,09:13:46,47.47479333333333,19.057355,149.6,F,GPS,2.38,2.17,0.97,14,6,6,0,0,0,0
04/11/2025,09:13:46,47.47479333333333,19.057355,149.6,F,GPS,2.38,2.17,0.97,14,6,6,0,0,0,0
04/11/2025,09:13:47,47.4748,19.057345,149.5,F,GPS,2.38,2.17,0.97,14,6,6,0,0,0,0
04/11/2025,09:13:47,47.4748,19.057345,149.5,F,GPS,2.38,2.17,0.97,14,6,6,0,0,0,0
04/11/2025,09:13:47,47.4748,19.057345,149.5,F,GPS,2.38,2.17,0.97,14,6,6,0,0,0,0
04/11/2025,09:13:47,47.4748,19.057345,149.5,F,GPS,2.38,2.17,0.97,14,6,6,0,0,0,0
04/11/2025,09:13:48,47.47481333333333,19.057328333333334,149.5,F,GPS,2.38,2.17,0.97,14,6,6,0,0,0,0
04/11/2025,09:13:48,47.47481333333333,19.057328333333334,149.5,F,GPS,2.38,2.17,0.97,14,6,6,0,0,0,0
04/11/2025,09:13:48,47.47481333333333,19.057328333333334,149.5,F,GPS,2.38,2.17,0.97,14,6,6,0,0,0,0
04/11/2025,09:13:48,47.47481333333333,19.057328333333334,149.5,F,GPS,2.38,2.17,0.97,14,6,6,0,0,0,0
04/11/2025,09:13:48,47.47481333333333,19.057328333333334,149.5,F,GPS,2.38,2.17,0.97,14,6,6,0,0,0,0
04/11/2025,09:13:49,47.47482,19.057316666666665,149.4,F,GPS,2.38,2.17,0.97,14,6,6,0,0,0,0
04/11/2025,09:13:49,47.47482,19.057316666666665,149.4,F,GPS,2.38,2.17,0.97,14,6,6,0,0,0,0
04/11/2025,09:13:49,47.47482,19.057316666666665,149.4,F,GPS,2.38,2.17,0.97,14,6,6,0,0,0,0
04/11/2025,09:13:49,47.47482,19.057316666666665,149.4,F,GPS,2.38,2.17,0.97,14,6,6,0,0,0,0
04/11/2025,09:13:50,47.474826666666665,19.057305,149.4,F,GPS,2.38,2.17,0.97,14,6,6,0,0,0,0
04/11/2025,09:13:50,47.474826666666665,19.057305,149.4,F,GPS,2.38,2.17,0.97,14,6,6,0,0,0,0
04/11/2025,09:13:50,47.474826666666665,19.057305,149.4,F,GPS,2.38,2.17,0.97,14,6,6,0,0,0,0
04/11/2025,09:13:50,47.474826666666665,19.057305,149.4,F,GPS,2.38,2.17,0.97,14,6,6,0,0,0,0
04/11/2025,09:13:51,47.47483166666667,19.057293333333334,149.4,F,GPS,2.38,2.17,0.97,14,6,6,0,0,0,0
04/11/2025,09:13:51,47.47483166666667,19.057293333333334,149.4,F,GPS,2.38,2.17,0.97,14,6,6,0,0,0,0
04/11/2025,09:13:51,47.47483166666667,19.057293333333334,149.4,F,GPS,2.38,2.17,0.97,14,6,6,0,0,0,0
04/11/2025,09:13:51,47.47483166666667,19.057293333333334,149.4,F,GPS,2.38,2.17,0.97,14,6,6,0,0,0,0
04/11/2025,09:13:52,47.47483666666667,19.05728,149.5,F,GPS,2.38,2.17,0.97,14,6,6,0,0,0,0
04/11/2025,09:13:52,47.47483666666667,19.05728,149.5,F,GPS,2.38,2.17,0.97,14,6,6,0,0,0,0
04/11/2025,09:13:52,47.47483666666667,19.05728,149.5,F,GPS,2.38,2.17,0.97,14,6,6,0,0,0,0
04/11/2025,09:13:52,47.47483666666667,19.05728,149.5,F,GPS,2.38,2.17,0.97,14,6,6,0,0,0,0
04/11/2025,09:13:53,47.47483833333333,19.057263333333335,149.5,F,GPS,2.38,2.17,0.97,14,6,6,0,0,0,0
04/11/2025,09:13:53,47.47483833333333,19.057263333333335,149.5,F,GPS,2.38,2.17,0.97,14,6,6,0,0,0,0
04/11/2025,09:13:53,47.47483833333333,19.057263333333335,149.5,F,GPS,2.38,2.17,0.97,14,6,6,0,0,0,0
04/11/2025,09:13:53,47.47483833333333,19.057263333333335,149.5,F,GPS,2.38,2.17,0.97,14,6,6,0,0,0,0
04/11/2025,09:13:53,47.47483833333333,19.057263333333335,149.5,F,GPS,2.38,2.17,0.97,14,6,6,0,0,0,0
04/11/2025,09:13:54,47.47485,19.057245,149.5,F,GPS,2.38,2.17,0.97,14,6,6,0,0,0,0
04/11/2025,09:13:54,47.47485,19.057245,149.5,F,GPS,2.38,2.17,0.97,14,6,6,0,0,0,0
04/11/2025,09:13:54,47.47485,19.057245,149.5,F,GPS,2.38,2.17,0.97,14,6,6,0,0,0,0
04/11/2025,09:13:54,47.47485,19.057245,149.5,F,GPS,2.38,2.17,0.97,14,6,6,0,0,0,0
04/11/2025,09:13:55,47.474853333333336,19.057228333333335,149.4,F,GPS,2.38,2.17,0.97,14,6,6,0,0,0,0
04/11/2025,09:13:55,47.474853333333336,19.057228333333335,149.4,F,GPS,2.38,2.17,0.97,14,6,6,0,0,0,0
04/11/2025,09:13:55,47.474853333333336,19.057228333333335,149.4,F,GPS,2.38,2.17,0.97,14,6,6,0,0,0,0
04/11/2025,09:13:55,47.474853333333336,19.057228333333335,149.4,F,GPS,2.38,2.17,0.97,14,6,6,0,0,0,0
04/11/2025,09:13:56,47.47485833333333,19.05720833333333,149.4,F,GPS,2.38,2.17,0.97,14,6,6,0,0,0,0
04/11/2025,09:13:56,47.47485833333333,19.05720833333333,149.4,F,GPS,2.38,2.17,0.97,14,6,6,0,0,0,0
04/11/2025,09:13:56,47.47485833333333,19.05720833333333,149.4,F,GPS,2.38,2.17,0.97,14,6,6,0,0,0,0
04/11/2025,09:13:56,47.47485833333333,19.05720833333333,149.4,F,GPS,2.38,2.17,0.97,14,6,6,0,0,0,0
04/11/2025,09:13:57,47.474865,19.057191666666668,149.4,F,GPS,2.38,2.17,0.97,14,6,6,0,0,0,0
04/11/2025,09:13:57,47.474865,19.057191666666668,149.4,F,GPS,2.38,2.17,0.97,14,6,6,0,0,0,0
04/11/2025,09:13:57,47.474865,19.057191666666668,149.4,F,GPS,2.38,2.17,0.97,14,6,6,0,0,0,0
04/11/2025,09:13:57,47.474865,19.057191666666668,149.4,F,GPS,2.38,2.17,0.97,14,6,6,0,0,0,0
04/11/2025,09:13:58,47.47486333333333,19.057175,149.4,F,GPS,2.38,2.17,0.97,14,6,6,0,0,0,0
04/11/2025,09:13:58,47.47486333333333,19.057175,149.4,F,GPS,2.38,2.17,0.97,14,6,6,0,0,0,0
04/11/2025,09:13:58,47.47486333333333,19.057175,149.4,F,GPS,2.38,2.17,0.97,14,6,6,0,0,0,0
04/11/2025,09:13:58,47.47486333333333,19.057175,149.4,F,GPS,2.38,2.17,0.97,14,6,6,0,0,0,0
04/11/2025,09:13:58,47.47486333333333,19.057175,149.4,F,GPS,2.38,2.17,0.97,14,6,6,0,0,0,0
04/11/2025,09:13:59,47.47486333333333,19.057155,149.4,F,GPS,2.38,2.17,0.97,14,6,6,0,0,0,0
04/11/2025,09:13:59,47.47486333333333,19.057155,149.4,F,GPS,2.38,2.17,0.97,14,6,6,0,0,0,0
04/11/2025,09:13:59,47.47486333333333,19.057155,149.4,F,GPS,2.38,2.17,0.97,14,6,6,0,0,0,0
04/11/2025,09:13:59,47.47486333333333,19.057155,149.4,F,GPS,2.38,2.17,0.97,14,6,6,0,0,0,0
04/11/2025,09:14:00,47.47486,19.057138333333334,149.4,F,GPS,2.38,2.18,0.97,14,6,6,0,0,0,0
04/11/2025,09:14:00,47.47486,19.057138333333334,149.4,F,GPS,2.38,2.18,0.97,14,6,6,0,0,0,0
04/11/2025,09:14:00,47.47486,19.057138333333334,149.4,F,GPS,2.38,2.18,0.97,14,6,6,0,0,0,0
04/11/2025,09:14:00,47.47486,19.057138333333334,149.4,F,GPS,2.38,2.18,0.97,14,6,6,0,0,0,0
04/11/2025,09:14:01,47.47486,19.057123333333333,149.4,F,GPS,2.38,1.55,0.97,14,6,6,0,0,0,0
04/11/2025,09:14:01,47.47486,19.057123333333333,149.4,F,GPS,1.78,1.55,0.89,14,7,7,0,0,0,0
04/11/2025,09:14:01,47.47486,19.057123333333333,149.4,F,GPS,1.78,1.55,0.89,14,7,7,0,0,0,0
04/11/2025,09:14:01,47.47486,19.057123333333333,149.4,F,GPS,1.78,1.55,0.89,14,7,7,0,0,0,0
04/11/2025,09:14:02,47.47486333333333,19.057113333333334,149.5,F,GPS,1.78,1.55,0.89,14,7,7,0,0,0,0
04/11/2025,09:14:02,47.47486333333333,19.057113333333334,149.5,F,GPS,1.78,1.55,0.89,14,7,7,0,0,0,0
04/11/2025,09:14:02,47.47486333333333,19.057113333333334,149.5,F,GPS,1.78,1.55,0.89,14,7,7,0,0,0,0
04/11/2025,09:14:02,47.47486333333333,19.057113333333334,149.5,F,GPS,1.78,1.55,0.89,14,7,7,0,0,0,0
04/11/2025,09:14:03,47.47485833333333,19.057105,149.6,F,GPS,1.78,1.55,0.89,14,7,7,0,0,0,0
04/11/2025,09:14:03,47.47485833333333,19.057105,149.6,F,GPS,1.78,1.55,0.89,14,7,7,0,0,0,0
04/11/2025,09:14:03,47.47485833333333,19.057105,149.6,F,GPS,1.78,1.55,0.89,14,7,7,0,0,0,0
04/11/2025,09:14:03,47.47485833333333,19.057105,149.6,F,GPS,1.78,1.55,0.89,14,7,7,0,0,0,0
04/11/2025,09:14:03,47.47485833333333,19.057105,149.6,F,GPS,1.78,1.55,0.89,14,7,7,0,0,0,0
04/11/2025,09:14:04,47.47485,19.057101666666668,149.7,F,GPS,1.78,1.55,0.89,14,7,7,0,0,0,0
04/11/2025,09:14:04,47.47485,19.057101666666668,149.7,F,GPS,1.78,1.55,0.89,14,7,7,0,0,0,0
04/11/2025,09:14:04,47.47485,19.057101666666668,149.7,F,GPS,1.78,1.55,0.89,14,7,7,0,0,0,0
04/11/2025,09:14:04,47.47485,19.057101666666668,149.7,F,GPS,1.78,1.55,0.89,14,7,7,0,0,0,0
04/11/2025,09:14:05,47.474833333333336,19.057096666666666,150.0,F,GPS,1.78,1.55,0.89,14,7,7,0,0,0,0
04/11/2025,09:14:05,47.474833333333336,19.057096666666666,150.0,F,GPS,1.79,1.55,0.89,14,7,7,0,0,0,0
04/11/2025,09:14:05,47.474833333333336,19.057096666666666,150.0,F,GPS,1.79,1.55,0.89,14,7,7,0,0,0,0
04/11/2025,09:14:05,47.474833333333336,19.057096666666666,150.0,F,GPS,1.79,1.55,0.89,14,7,7,0,0,0,0
04/11/2025,09:14:06,47.474826666666665,19.057083333333335,150.2,F,GPS,1.79,1.55,0.89,14,7,7,0,0,0,0
04/11/2025,09:14:06,47.474826666666665,19.057083333333335,150.2,F,GPS,1.78,1.55,0.89,14,7,7,0,0,0,0
04/11/2025,09:14:06,47.474826666666665,19.057083333333335,150.2,F,GPS,1.78,1.55,0.89,14,7,7,0,0,0,0
04/11/2025,09:14:06,47.474826666666665,19.057083333333335,150.2,F,GPS,1.78,1.55,0.89,14,7,7,0,0,0,0
04/11/2025,09:14:07,47.474821666666664,19.057066666666667,150.4,F,GPS,1.78,1.55,0.89,14,7,7,0,0,0,0
04/11/2025,09:14:07,47.474821666666664,19.057066666666667,150.4,F,GPS,1.78,1.55,0.89,14,7,7,0,0,0,0
04/11/2025,09:14:07,47.474821666666664,19.057066666666667,150.4,F,GPS,1.78,1.55,0.89,14,7,7,0,0,0,0
04/11/2025,09:14:07,47.474821666666664,19.057066666666667,150.4,F,GPS,1.78,1.55,0.89,14,7,7,0,0,0,0
04/11/2025,09:14:08,47.474815,19.05705,150.6,F,GPS,1.78,1.55,0.89,14,7,7,0,0,0,0
04/11/2025,09:14:08,47.474815,19.05705,150.6,F,GPS,1.79,1.55,0.89,14,7,7,0,0,0,0
04/11/2025,09:14:08,47.474815,19.05705,150.6,F,GPS,1.79,1.55,0.89,14,7,7,0,0,0,0
04/11/2025,09:14:08,47.474815,19.05705,150.6,F,GPS,1.79,1.55,0.89,14,7,7,0,0,0,0
04/11/2025,09:14:08,47.474815,19.05705,150.6,F,GPS,1.79,1.55,0.89,14,7,7,0,0,0,0
04/11/2025,09:14:09,47.47481333333333,19.05703,150.8,F,GPS,1.79,1.55,0.89,14,7,7,0,0,0,0
04/11/2025,09:14:09,47.47481333333333,19.05703,150.8,F,GPS,1.78,1.55,0.89,14,7,7,0,0,0,0
04/11/2025,09:14:09,47.47481333333333,19.05703,150.8,F,GPS,1.78,1.55,0.89,14,7,7,0,0,0,0
04/11/2025,09:14:09,47.47481333333333,19.05703,150.8,F,GPS,1.78,1.55,0.89,14,7,7,0,0,0,0
04/11/2025,09:14:10,47.474803333333334,19.057006666666666,151.0,F,GPS,1.78,1.55,0.89,14,7,7,0,0,0,0
04/11/2025,09:14:10,47.474803333333334,19.057006666666666,151.0,F,GPS,1.78,1.55,0.89,14,7,7,0,0,0,0
04/11/2025,09:14:10,47.474803333333334,19.057006666666666,151.0,F,GPS,1.78,1.55,0.89,14,7,7,0,0,0,0
04/11/2025,09:14:10,47.474803333333334,19.057006666666666,151.0,F,GPS,1.78,1.55,0.89,14,7,7,0,0,0,0
04/11/2025,09:14:11,47.47479666666667,19.056983333333335,151.1,F,GPS,1.78,1.55,0.89,14,7,7,0,0,0,0
04/11/2025,09:14:11,47.47479666666667,19.056983333333335,151.1,F,GPS,1.78,1.55,0.89,14,7,7,0,0,0,0
04/11/2025,09:14:11,47.47479666666667,19.056983333333335,151.1,F,GPS,1.78,1.55,0.89,14,7,7,0,0,0,0
04/11/2025,09:14:11,47.47479666666667,19.056983333333335,151.1,F,GPS,1.78,1.55,0.89,14,7,7,0,0,0,0
04/11/2025,09:14:12,47.474788333333336,19.056963333333332,151.1,F,GPS,1.78,1.55,0.89,14,7,7,0,0,0,0
04/11/2025,09:14:12,47.474788333333336,19.056963333333332,151.1,F,GPS,1.78,1.55,0.89,14,7,7,0,0,0,0
04/11/2025,09:14:12,47.474788333333336,19.056963333333332,151.1,F,GPS,1.78,1.55,0.89,14,7,7,0,0,0,0
04/11/2025,09:14:12,47.474788333333336,19.056963333333332,151.1,F,GPS,1.78,1.55,0.89,14,7,7,0,0,0,0
04/11/2025,09:14:13,47.474783333333335,19.056948333333334,151.2,F,GPS,1.78,1.55,0.89,14,7,7,0,0,0,0
04/11/2025,09:14:13,47.474783333333335,19.056948333333334,151.2,F,GPS,1.79,1.55,0.89,14,7,7,0,0,0,0
04/11/2025,09:14:13,47.474783333333335,19.056948333333334,151.2,F,GPS,1.79,1.55,0.89,14,7,7,0,0,0,0
04/11/2025,09:14:13,47.474783333333335,19.056948333333334,151.2,F,GPS,1.79,1.55,0.89,14,7,7,0,0,0,0
04/11/2025,09:14:13,47.474783333333335,19.056948333333334,151.2,F,GPS,1.79,1.55,0.89,14,7,7,0,0,0,0
04/11/2025,09:14:14,47.474783333333335,19.056931666666667,151.2,F,GPS,1.79,1.55,0.89,14,7,7,0,0,0,0
04/11/2025,09:14:14,47.474783333333335,19.056931666666667,151.2,F,GPS,1.79,1.55,0.89,14,7,7,0,0,0,0
04/11/2025,09:14:14,47.474783333333335,19.056931666666667,151.2,F,GPS,1.79,1.55,0.89,14,7,7,0,0,0,0
04/11/2025,09:14:14,47.474783333333335,19.056931666666667,151.2,F,GPS,1.79,1.55,0.89,14,7,7,0,0,0,0
04/11/2025,09:14:15,47.474775,19.056916666666666,151.2,F,GPS,1.79,1.55,0.89,14,7,7,0,0,0,0
04/11/2025,09:14:15,47.474775,19.056916666666666,151.2,F,GPS,1.78,1.55,0.89,14,7,7,0,0,0,0
04/11/2025,09:14:15,47.474775,19.056916666666666,151.2,F,GPS,1.78,1.55,0.89,14,7,7,0,0,0,0
04/11/2025,09:14:15,47.474775,19.056916666666666,151.2,F,GPS,1.78,1.55,0.89,14,7,7,0,0,0,0
04/11/2025,09:14:16,47.474775,19.056905,151.3,F,GPS,1.78,1.55,0.89,14,7,7,0,0,0,0
04/11/2025,09:14:16,47.474775,19.056905,151.3,F,GPS,1.78,1.55,0.89,14,7,7,0,0,0,0
04/11/2025,09:14:16,47.474775,19.056905,151.3,F,GPS,1.78,1.55,0.89,14,7,7,0,0,0,0
04/11/2025,09:14:16,47.474775,19.056905,151.3,F,GPS,1.78,1.55,0.89,14,7,7,0,0,0,0
04/11/2025,09:14:17,47.47476666666667,19.056893333333335,151.3,F,GPS,1.78,1.55,0.89,14,7,7,0,0,0,0
04/11/2025,09:14:17,47.47476666666667,19.056893333333335,151.3,F,GPS,1.78,1.55,0.89,14,7,7,0,0,0,0
04/11/2025,09:14:17,47.47476666666667,19.056893333333335,151.3,F,GPS,1.78,1.55,0.89,14,7,7,0,0,0,0
04/11/2025,09:14:17,47.47476666666667,19.056893333333335,151.3,F,GPS,1.78,1.55,0.89,14,7,7,0,0,0,0
04/11/2025,09:14:18,47.47476833333333,19.056881666666666,151.4,F,GPS,1.78,1.55,0.89,14,7,7,0,0,0,0
04/11/2025,09:14:18,47.47476833333333,19.056881666666666,151.4,F,GPS,1.79,1.55,0.89,14,7,7,0,0,0,0
04/11/2025,09:14:18,47.47476833333333,19.056881666666666,151.4,F,GPS,1.79,1.55,0.89,14,7,7,0,0,0,0
04/11/2025,09:14:18,47.47476833333333,19.056881666666666,151.4,F,GPS,1.79,1.55,0.89,14,7,7,0,0,0,0
04/11/2025,09:14:18,47.47476833333333,19.056881666666666,151.4,F,GPS,1.79,1.55,0.89,14,7,7,0,0,0,0
04/11/2025,09:14:19,47.47476833333333,19.056871666666666,151.4,F,GPS,1.79,1.55,0.89,14,7,7,0,0,0,0
04/11/2025,09:14:19,47.47476833333333,19.056871666666666,151.4,F,GPS,1.78,1.55,0.89,14,7,7,0,0,0,0
04/11/2025,09:14:19,47.47476833333333,19.056871666666666,151.4,F,GPS,1.78,1.55,0.89,14,7,7,0,0,0,0
04/11/2025,09:14:19,47.47476833333333,19.056871666666666,151.4,F,GPS,1.78,1.55,0.89,14,7,7,0,0,0,0
04/11/2025,09:14:20,47.474765,19.056855,151.4,F,GPS,1.78,1.55,0.89,14,7,7,0,0,0,0
04/11/2025,09:14:20,47.474765,19.056855,151.4,F,GPS,1.78,1.55,0.89,14,7,7,0,0,0,0
04/11/2025,09:14:20,47.474765,19.056855,151.4,F,GPS,1.78,1.55,0.89,14,7,7,0,0,0,0
04/11/2025,09:14:20,47.474765,19.056855,151.4,F,GPS,1.78,1.55,0.89,14,7,7,0,0,0,0
04/11/2025,09:14:21,47.474761666666666,19.056838333333335,151.4,F,GPS,1.78,1.55,0.89,14,7,7,0,0,0,0
04/11/2025,09:14:21,47.474761666666666,19.056838333333335,151.4,F,GPS,1.79,1.55,0.89,14,7,7,0,0,0,0
04/11/2025,09:14:21,47.474761666666666,19.056838333333335,151.4,F,GPS,1.79,1.55,0.89,14,7,7,0,0,0,0
04/11/2025,09:14:21,47.474761666666666,19.056838333333335,151.4,F,GPS,1.79,1.55,0.89,14,7,7,0,0,0,0
04/11/2025,09:14:22,47.474758333333334,19.056821666666668,151.3,F,GPS,1.79,1.55,0.89,14,7,7,0,0,0,0
04/11/2025,09:14:22,47.474758333333334,19.056821666666668,151.3,F,GPS,1.79,1.55,0.89,14,7,7,0,0,0,0
04/11/2025,09:14:22,47.474758333333334,19.056821666666668,151.3,F,GPS,1.79,1.55,0.89,14,7,7,0,0,0,0
04/11/2025,09:14:22,47.474758333333334,19.056821666666668,151.3,F,GPS,1.79,1.55,0.89,14,7,7,0,0,0,0
04/11/2025,09:14:23,47.47475166666667,19.056808333333333,151.2,F,GPS,1.79,1.55,0.89,14,7,7,0,0,0,0
04/11/2025,09:14:23,47.47475166666667,19.056808333333333,151.2,F,GPS,1.79,1.55,0.89,14,7,7,0,0,0,0
04/11/2025,09:14:23,47.47475166666667,19.056808333333333,151.2,F,GPS,1.79,1.55,0.89,14,7,7,0,0,0,0
04/11/2025,09:14:23,47.47475166666667,19.056808333333333,151.2,F,GPS,1.79,1.55,0.89,14,7,7,0,0,0,0
04/11/2025,09:14:23,47.47475166666667,19.056808333333333,151.2,F,GPS,1.79,1.55,0.89,14,7,7,0,0,0,0
04/11/2025,09:14:24,47.474745,19.056795,151.2,F,GPS,1.79,1.55,0.89,14,7,7,0,0,0,0
04/11/2025,09:14:24,47.474745,19.056795,151.2,F,GPS,1.79,1.55,0.89,14,7,7,0,0,0,0
04/11/2025,09:14:24,47.474745,19.056795,151.2,F,GPS,1.79,1.55,0.89,14,7,7,0,0,0,0
04/11/2025,09:14:24,47.474745,19.056795,151.2,F,GPS,1.79,1.55,0.89,14,7,7,0,0,0,0
04/11/2025,09:14:25,47.47472833333333,19.05678,151.1,F,GPS,1.79,1.55,0.89,14,7,7,0,0,0,0
04/11/2025,09:14:25,47.47472833333333,19.05678,151.1,F,GPS,1.79,1.55,0.89,14,7,7,0,0,0,0
04/11/2025,09:14:25,47.47472833333333,19.05678,151.1,F,GPS,1.79,1.55,0.89,14,7,7,0,0,0,0
04/11/2025,09:14:25,47.47472833333333,19.05678,151.1,F,GPS,1.79,1.55,0.89,14,7,7,0,0,0,0
04/11/2025,09:14:26,47.474725,19.056765,151.1,F,GPS,1.79,1.55,0.89,14,7,7,0,0,0,0
04/11/2025,09:14:26,47.474725,19.056765,151.1,F,GPS,1.79,1.55,0.89,14,7,7,0,0,0,0
04/11/2025,09:14:26,47.474725,19.056765,151.1,F,GPS,1.79,1.55,0.89,14,7,7,0,0,0,0
04/11/2025,09:14:26,47.474725,19.056765,151.1,F,GPS,1.79,1.55,0.89,14,7,7,0,0,0,0
04/11/2025,09:14:27,47.47472666666667,19.056748333333335,151.1,F,GPS,1.79,1.55,0.89,14,7,7,0,0,0,0
04/11/2025,09:14:27,47.47472666666667,19.056748333333335,151.1,F,GPS,1.79,1.55,0.89,14,7,7,0,0,0,0
04/11/2025,09:14:27,47.47472666666667,19.056748333333335,151.1,F,GPS,1.79,1.55,0.89,14,7,7,0,0,0,0
04/11/2025,09:14:27,47.47472666666667,19.056748333333335,151.1,F,GPS,1.79,1.55,0.89,14,7,7,0,0,0,0
04/11/2025,09:14:28,47.474725,19.056733333333334,151.1,F,GPS,1.79,1.55,0.89,14,7,7,0,0,0,0
04/11/2025,09:14:28,47.474725,19.056733333333334,151.1,F,GPS,1.79,1.55,0.89,14,7,7,0,0,0,0
04/11/2025,09:14:28,47.474725,19.056733333333334,151.1,F,GPS,1.79,1.55,0.89,14,7,7,0,0,0,0
04/11/2025,09:14:28,47.474725,19.056733333333334,151.1,F,GPS,1.79,1.55,0.89,14,7,7,0,0,0,0
04/11/2025,09:14:28,47.474725,19.056733333333334,151.1,F,GPS,1.79,1.55,0.89,14,7,7,0,0,0,0
04/11/2025,09:14:29,47.474716666666666,19.056716666666667,151.0,F,GPS,1.79,1.55,0.89,14,7,7,0,0,0,0
04/11/2025,09:14:29,47.474716666666666,19.056716666666667,151.0,F,GPS,1.79,1.55,0.89,14,7,7,0,0,0,0
04/11/2025,09:14:29,47.474716666666666,19.056716666666667,151.0,F,GPS,1.79,1.55,0.89,14,7,7,0,0,0,0
04/11/2025,09:14:29,47.474716666666666,19.056716666666667,151.0,F,GPS,1.79,1.55,0.89,14,7,7,0,0,0,0
04/11/2025,09:14:30,47.474715,19.056705,151.0,F,GPS,1.79,1.55,0.89,14,7,7,0,0,0,0
04/11/2025,09:14:30,47.474715,19.056705,151.0,F,GPS,1.79,1.55,0.89,14,7,7,0,0,0,0
04/11/2025,09:14:30,47.474715,19.056705,151.0,F,GPS,1.79,1.55,0.89,14,7,7,0,0,0,0
04/11/2025,09:14:30,47.474715,19.056705,151.0,F,GPS,1.79,1.55,0.89,14,7,7,0,0,0,0
04/11/2025,09:14:31,47.47470833333333,19.056691666666666,151.1,F,GPS,1.79,1.55,0.89,14,7,7,0,0,0,0
04/11/2025,09:14:31,47.47470833333333,19.056691666666666,151.1,F,GPS,1.79,1.55,0.89,14,7,7,0,0,0,0
04/11/2025,09:14:31,47.47470833333333,19.056691666666666,151.1,F,GPS,1.79,1.55,0.89,14,7,7,0,0,0,0
04/11/2025,09:14:31,47.47470833333333,19.056691666666666,151.1,F,GPS,1.79,1.55,0.89,14,7,7,0,0,0,0
04/11/2025,09:14:32,47.47470666666667,19.056676666666668,151.2,F,GPS,1.79,1.55,0.89,14,7,7,0,0,0,0
04/11/2025,09:14:32,47.47470666666667,19.056676666666668,151.2,F,GPS,1.79,1.55,0.89,14,7,7,0,0,0,0
04/11/2025,09:14:32,47.47470666666667,19.056676666666668,151.2,F,GPS,1.79,1.55,0.89,14,7,7,0,0,0,0
04/11/2025,09:14:32,47.47470666666667,19.056676666666668,151.2,F,GPS,1.79,1.55,0.89,14,7,7,0,0,0,0
04/11/2025,09:14:33,47.474705,19.056668333333334,151.2,F,GPS,1.79,1.55,0.89,14,7,7,0,0,0,0
04/11/2025,09:14:33,47.474705,19.056668333333334,151.2,F,GPS,1.79,1.55,0.89,14,7,7,0,0,0,0
04/11/2025,09:14:33,47.474705,19.056668333333334,151.2,F,GPS,1.79,1.55,0.89,14,7,7,0,0,0,0
04/11/2025,09:14:33,47.474705,19.056668333333334,151.2,F,GPS,1.79,1.55,0.89,14,7,7,0,0,0,0
04/11/2025,09:14:33,47.474705,19.056668333333334,151.2,F,GPS,1.79,1.55,0.89,14,7,7,0,0,0,0
04/11/2025,09:14:34,47.474705,19.056663333333333,151.3,F,GPS,1.79,1.55,0.89,14,7,7,0,0,0,0
04/11/2025,09:14:34,47.474705,19.056663333333333,151.3,F,GPS,1.79,1.55,0.89,14,7,7,0,0,0,0
04/11/2025,09:14:34,47.474705,19.056663333333333,151.3,F,GPS,1.79,1.55,0.89,14,7,7,0,0,0,0
04/11/2025,09:14:34,47.474705,19.056663333333333,151.3,F,GPS,1.79,1.55,0.89,14,7,7,0,0,0,0
04/11/2025,09:14:35,47.4747,19.056658333333335,151.3,F,GPS,1.79,1.55,0.89,14,7,7,0,0,0,0
04/11/2025,09:14:35,47.4747,19.056658333333335,151.3,F,GPS,1.78,1.55,0.89,14,7,7,0,0,0,0
04/11/2025,09:14:35,47.4747,19.056658333333335,151.3,F,GPS,1.78,1.55,0.89,14,7,7,0,0,0,0
04/11/2025,09:14:35,47.4747,19.056658333333335,151.3,F,GPS,1.78,1.55,0.89,14,7,7,0,0,0,0
04/11/2025,09:14:36,47.47468833333333,19.05665,151.3,F,GPS,1.78,1.55,0.89,14,7,7,0,0,0,0
04/11/2025,09:14:36,47.47468833333333,19.05665,151.3,F,GPS,1.79,1.55,0.89,14,7,7,0,0,0,0
04/11/2025,09:14:36,47.47468833333333,19.05665,151.3,F,GPS,1.79,1.55,0.89,14,7,7,0,0,0,0
04/11/2025,09:14:36,47.47468833333333,19.05665,151.3,F,GPS,1.79,1.55,0.89,14,7,7,0,0,0,0
04/11/2025,09:14:37,47.47468,19.056645,151.3,F,GPS,1.79,1.55,0.89,14,7,7,0,0,0,0
04/11/2025,09:14:37,47.47468,19.056645,151.3,F,GPS,1.79,1.55,0.89,14,7,7,0,0,0,0
04/11/2025,09:14:37,47.47468,19.056645,151.3,F,GPS,1.79,1.55,0.89,14,7,7,0,0,0,0
04/11/2025,09:14:37,47.47468,19.056645,151.3,F,GPS,1.79,1.55,0.89,14,7,7,0,0,0,0
04/11/2025,09:14:38,47.47467666666667,19.056641666666668,151.2,F,GPS,1.79,1.55,0.89,14,7,7,0,0,0,0
04/11/2025,09:14:38,47.47467666666667,19.056641666666668,151.2,F,GPS,1.79,1.55,0.89,14,7,7,0,0,0,0
04/11/2025,09:14:38,47.47467666666667,19.056641666666668,151.2,F,GPS,1.79,1.55,0.89,14,7,7,0,0,0,0
04/11/2025,09:14:38,47.47467666666667,19.056641666666668,151.2,F,GPS,1.79,1.55,0.89,14,7,7,0,0,0,0
04/11/2025,09:14:38,47.47467666666667,19.056641666666668,151.2,F,GPS,1.79,1.55,0.89,14,7,7,0,0,0,0
04/11/2025,09:14:39,47.474671666666666,19.056643333333334,151.2,F,GPS,1.79,1.55,0.89,14,7,7,0,0,0,0
04/11/2025,09:14:39,47.474671666666666,19.056643333333334,151.2,F,GPS,1.79,1.55,0.89,14,7,7,0,0,0,0
04/11/2025,09:14:39,47.474671666666666,19.056643333333334,151.2,F,GPS,1.79,1.55,0.89,14,7,7,0,0,0,0
04/11/2025,09:14:39,47.474671666666666,19.056643333333334,151.2,F,GPS,1.79,1.55,0.89,14,7,7,0,0,0,0
04/11/2025,09:14:40,47.47466166666667,19.05665,151.1,F,GPS,1.79,1.55,0.89,14,7,7,0,0,0,0
04/11/2025,09:14:40,47.47466166666667,19.05665,151.1,F,GPS,1.79,1.55,0.89,14,7,7,0,0,0,0
04/11/2025,09:14:40,47.47466166666667,19.05665,151.1,F,GPS,1.79,1.55,0.89,14,7,7,0,0,0,0
04/11/2025,09:14:40,47.47466166666667,19.05665,151.1,F,GPS,1.79,1.55,0.89,14,7,7,0,0,0,0
04/11/2025,09:14:41,47.47465166666667,19.056656666666665,151.1,F,GPS,1.79,1.55,0.89,14,7,7,0,0,0,0
04/11/2025,09:14:41,47.47465166666667,19.056656666666665,151.1,F,GPS,1.79,1.55,0.89,14,7,7,0,0,0,0
04/11/2025,09:14:41,47.47465166666667,19.056656666666665,151.1,F,GPS,1.79,1.55,0.89,14,7,7,0,0,0,0
04/11/2025,09:14:41,47.47465166666667,19.056656666666665,151.1,F,GPS,1.79,1.55,0.89,14,7,7,0,0,0,0
04/11/2025,09:14:42,47.474645,19.056661666666667,151.0,F,GPS,1.79,1.55,0.89,14,7,7,0,0,0,0
04/11/2025,09:14:42,47.474645,19.056661666666667,151.0,F,GPS,1.79,1.55,0.89,14,7,7,0,0,0,0
04/11/2025,09:14:42,47.474645,19.056661666666667,151.0,F,GPS,1.79,1.55,0.89,14,7,7,0,0,0,0
04/11/2025,09:14:42,47.474645,19.056661666666667,151.0,F,GPS,1.79,1.55,0.89,14,7,7,0,0,0,0
04/11/2025,09:14:43,47.47463666666667,19.056671666666666,150.9,F,GPS,1.79,1.55,0.89,14,7,7,0,0,0,0
04/11/2025,09:14:43,47.47463666666667,19.056671666666666,150.9,F,GPS,1.79,1.55,0.89,14,7,7,0,0,0,0
04/11/2025,09:14:43,47.47463666666667,19.056671666666666,150.9,F,GPS,1.79,1.55,0.89,14,7,7,0,0,0,0
04/11/2025,09:14:43,47.47463666666667,19.056671666666666,150.9,F,GPS,1.79,1.55,0.89,14,7,7,0,0,0,0
04/11/2025,09:14:43,47.47463666666667,19.056671666666666,150.9,F,GPS,1.79,1.55,0.89,14,7,7,0,0,0,0
04/11/2025,09:14:44,47.474628333333335,19.05668,150.8,F,GPS,1.79,1.55,0.89,14,7,7,0,0,0,0
04/11/2025,09:14:44,47.474628333333335,19.05668,150.8,F,GPS,1.79,1.55,0.89,14,7,7,0,0,0,0
04/11/2025,09:14:44,47.474628333333335,19.05668,150.8,F,GPS,1.79,1.55,0.89,14,7,7,0,0,0,0
04/11/2025,09:14:44,47.474628333333335,19.05668,150.8,F,GPS,1.79,1.55,0.89,14,7,7,0,0,0,0
04/11/2025,09:14:45,47.47461833333333,19.05669,150.6,F,GPS,1.79,1.55,0.89,14,7,7,0,0,0,0
04/11/2025,09:14:45,47.47461833333333,19.05669,150.6,F,GPS,1.79,1.55,0.89,14,7,7,0,0,0,0
04/11/2025,09:14:45,47.47461833333333,19.05669,150.6,F,GPS,1.79,1.55,0.89,14,7,7,0,0,0,0
04/11/2025,09:14:45,47.47461833333333,19.05669,150.6,F,GPS,1.79,1.55,0.89,14,7,7,0,0,0,0
04/11/2025,09:14:46,47.47461,19.056701666666665,150.5,F,GPS,1.79,1.55,0.89,14,7,7,0,0,0,0
04/11/2025,09:14:46,47.47461,19.056701666666665,150.5,F,GPS,1.79,1.55,0.89,14,7,7,0,0,0,0
04/11/2025,09:14:46,47.47461,19.056701666666665,150.5,F,GPS,1.79,1.55,0.89,14,7,7,0,0,0,0
04/11/2025,09:14:46,47.47461,19.056701666666665,150.5,F,GPS,1.79,1.55,0.89,14,7,7,0,0,0,0
04/11/2025,09:14:47,47.474608333333336,19.056715,150.3,F,GPS,1.79,1.55,0.89,14,7,7,0,0,0,0
04/11/2025,09:14:47,47.474608333333336,19.056715,150.3,F,GPS,1.79,1.55,0.89,14,7,7,0,0,0,0
04/11/2025,09:14:47,47.474608333333336,19.056715,150.3,F,GPS,1.79,1.55,0.89,14,7,7,0,0,0,0
04/11/2025,09:14:47,47.474608333333336,19.056715,150.3,F,GPS,1.79,1.55,0.89,14,7,7,0,0,0,0
04/11/2025,09:14:48,47.474601666666665,19.056726666666666,150.1,F,GPS,1.79,1.55,0.89,14,7,7,0,0,0,0
04/11/2025,09:14:48,47.474601666666665,19.056726666666666,150.1,F,GPS,1.79,1.55,0.89,14,7,7,0,0,0,0
04/11/2025,09:14:48,47.474601666666665,19.056726666666666,150.1,F,GPS,1.79,1.55,0.89,14,7,7,0,0,0,0
04/11/2025,09:14:48,47.474601666666665,19.056726666666666,150.1,F,GPS,1.79,1.55,0.89,14,7,7,0,0,0,0
04/11/2025,09:14:48,47.474601666666665,19.056726666666666,150.1,F,GPS,1.79,1.55,0.89,14,7,7,0,0,0,0
04/11/2025,09:14:49,47.47459666666666,19.056738333333332,150.0,F,GPS,1.79,1.55,0.89,14,7,7,0,0,0,0
04/11/2025,09:14:49,47.47459666666666,19.056738333333332,150.0,F,GPS,1.79,1.55,0.89,14,7,7,0,0,0,0
04/11/2025,09:14:49,47.47459666666666,19.056738333333332,150.0,F,GPS,1.79,1.55,0.89,14,7,7,0,0,0,0
04/11/2025,09:14:49,47.47459666666666,19.056738333333332,150.0,F,GPS,1.79,1.55,0.89,14,7,7,0,0,0,0
04/11/2025,09:14:50,47.47459166666667,19.056746666666665,149.8,F,GPS,1.79,1.55,0.89,14,7,7,0,0,0,0
04/11/2025,09:14:50,47.47459166666667,19.056746666666665,149.8,F,GPS,1.79,1.55,0.89,14,7,7,0,0,0,0
04/11/2025,09:14:50,47.47459166666667,19.056746666666665,149.8,F,GPS,1.79,1.55,0.89,14,7,7,0,0,0,0
04/11/2025,09:14:50,47.47459166666667,19.056746666666665,149.8,F,GPS,1.79,1.55,0.89,14,7,7,0,0,0,0
04/11/2025,09:14:51,47.47458666666667,19.056758333333335,149.7,F,GPS,1.79,1.55,0.89,14,7,7,0,0,0,0
04/11/2025,09:14:51,47.47458666666667,19.056758333333335,149.7,F,GPS,1.79,1.55,0.89,14,7,7,0,0,0,0
04/11/2025,09:14:51,47.47458666666667,19.056758333333335,149.7,F,GPS,1.79,1.55,0.89,14,7,7,0,0,0,0
04/11/2025,09:14:51,47.47458666666667,19.056758333333335,149.7,F,GPS,1.79,1.55,0.89,14,7,7,0,0,0,0
04/11/2025,09:14:52,47.474581666666666,19.05677,149.5,F,GPS,1.79,1.55,0.89,14,7,7,0,0,0,0
04/11/2025,09:14:52,47.474581666666666,19.05677,149.5,F,GPS,1.79,1.55,0.89,14,7,7,0,0,0,0
04/11/2025,09:14:52,47.474581666666666,19.05677,149.5,F,GPS,1.79,1.55,0.89,14,7,7,0,0,0,0
04/11/2025,09:14:52,47.474581666666666,19.05677,149.5,F,GPS,1.79,1.55,0.89,14,7,7,0,0,0,0
04/11/2025,09:14:53,47.474575,19.05678,149.3,F,GPS,1.79,1.55,0.89,14,7,7,0,0,0,0
04/11/2025,09:14:53,47.474575,19.05678,149.3,F,GPS,1.79,1.55,0.89,14,7,7,0,0,0,0
04/11/2025,09:14:53,47.474575,19.05678,149.3,F,GPS,1.79,1.55,0.89,14,7,7,0,0,0,0
04/11/2025,09:14:53,47.474575,19.05678,149.3,F,GPS,1.79,1.55,0.89,14,7,7,0,0,0,0
04/11/2025,09:14:53,47.474575,19.05678,149.3,F,GPS,1.79,1.55,0.89,14,7,7,0,0,0,0
04/11/2025,09:14:54,47.474565,19.056788333333333,149.1,F,GPS,1.79,1.55,0.89,14,7,7,0,0,0,0
04/11/2025,09:14:54,47.474565,19.056788333333333,149.1,F,GPS,1.79,1.55,0.89,14,7,7,0,0,0,0
04/11/2025,09:14:54,47.474565,19.056788333333333,149.1,F,GPS,1.79,1.55,0.89,14,7,7,0,0,0,0
04/11/2025,09:14:54,47.474565,19.056788333333333,149.1,F,GPS,1.79,1.55,0.89,14,7,7,0,0,0,0
04/11/2025,09:14:55,47.47455166666666,19.056796666666667,149.0,F,GPS,1.79,1.55,0.89,14,7,7,0,0,0,0
04/11/2025,09:14:55,47.47455166666666,19.056796666666667,149.0,F,GPS,1.79,1.55,0.89,14,7,7,0,0,0,0
04/11/2025,09:14:55,47.47455166666666,19.056796666666667,149.0,F,GPS,1.79,1.55,0.89,14,7,7,0,0,0,0
04/11/2025,09:14:55,47.47455166666666,19.056796666666667,149.0,F,GPS,1.79,1.55,0.89,14,7,7,0,0,0,0
04/11/2025,09:14:56,47.47454333333334,19.056806666666667,148.9,F,GPS,1.79,1.55,0.89,14,7,7,0,0,0,0
04/11/2025,09:14:56,47.47454333333334,19.056806666666667,148.9,F,GPS,1.79,1.55,0.89,14,7,7,0,0,0,0
04/11/2025,09:14:56,47.47454333333334,19.056806666666667,148.9,F,GPS,1.79,1.55,0.89,14,7,7,0,0,0,0
04/11/2025,09:14:56,47.47454333333334,19.056806666666667,148.9,F,GPS,1.79,1.55,0.89,14,7,7,0,0,0,0
04/11/2025,09:14:57,47.474535,19.056818333333332,148.8,F,GPS,1.79,1.55,0.89,14,7,7,0,0,0,0
04/11/2025,09:14:57,47.474535,19.056818333333332,148.8,F,GPS,1.79,1.55,0.89,14,7,7,0,0,0,0
04/11/2025,09:14:57,47.474535,19.056818333333332,148.8,F,GPS,1.79,1.55,0.89,14,7,7,0,0,0,0
04/11/2025,09:14:57,47.474535,19.056818333333332,148.8,F,GPS,1.79,1.55,0.89,14,7,7,0,0,0,0
04/11/2025,09:14:58,47.474525,19.056826666666666,148.6,F,GPS,1.79,1.55,0.89,14,7,7,0,0,0,0
04/11/2025,09:14:58,47.474525,19.056826666666666,148.6,F,GPS,1.79,1.55,0.89,14,7,7,0,0,0,0
04/11/2025,09:14:58,47.474525,19.056826666666666,148.6,F,GPS,1.79,1.55,0.89,14,7,7,0,0,0,0
04/11/2025,09:14:58,47.474525,19.056826666666666,148.6,F,GPS,1.79,1.55,0.89,14,7,7,0,0,0,0
04/11/2025,09:14:58,47.474525,19.056826666666666,148.6,F,GPS,1.79,1.55,0.89,14,7,7,0,0,0,0
04/11/2025,09:14:59,47.474513333333334,19.056836666666666,148.5,F,GPS,1.79,1.55,0.89,14,7,7,0,0,0,0
04/11/2025,09:14:59,47.474513333333334,19.056836666666666,148.5,F,GPS,1.79,1.55,0.89,14,7,7,0,0,0,0
04/11/2025,09:14:59,47.474513333333334,19.056836666666666,148.5,F,GPS,1.79,1.55,0.89,14,7,7,0,0,0,0
04/11/2025,09:14:59,47.474513333333334,19.056836666666666,148.5,F,GPS,1.79,1.55,0.89,14,7,7,0,0,0,0
04/11/2025,09:15:00,47.4745,19.05685,148.5,F,GPS,1.79,1.55,0.89,14,7,7,0,0,0,0
04/11/2025,09:15:00,47.4745,19.05685,148.5,F,GPS,1.79,1.55,0.89,14,7,7,0,0,0,0
04/11/2025,09:15:00,47.4745,19.05685,148.5,F,GPS,1.79,1.55,0.89,14,7,7,0,0,0,0
04/11/2025,09:15:00,47.4745,19.05685,148.5,F,GPS,1.79,1.55,0.89,14,7,7,0,0,0,0
04/11/2025,09:15:01,47.47449,19.056863333333332,148.4,F,GPS,1.79,1.55,0.89,14,7,7,0,0,0,0
04/11/2025,09:15:01,47.47449,19.056863333333332,148.4,F,GPS,1.79,1.55,0.89,14,7,7,0,0,0,0
04/11/2025,09:15:01,47.47449,19.056863333333332,148.4,F,GPS,1.79,1.55,0.89,14,7,7,0,0,0,0
04/11/2025,09:15:01,47.47449,19.056863333333332,148.4,F,GPS,1.79,1.55,0.89,14,7,7,0,0,0,0
04/11/2025,09:15:02,47.47447833333333,19.05688,148.3,F,GPS,1.79,1.55,0.89,14,7,7,0,0,0,0
04/11/2025,09:15:02,47.47447833333333,19.05688,148.3,F,GPS,1.79,1.55,0.89,14,7,7,0,0,0,0
04/11/2025,09:15:02,47.47447833333333,19.05688,148.3,F,GPS,1.79,1.55,0.89,14,7,7,0,0,0,0
04/11/2025,09:15:02,47.47447833333333,19.05688,148.3,F,GPS,1.79,1.55,0.89,14,7,7,0,0,0,0
04/11/2025,09:15:03,47.47447,19.056891666666665,148.2,F,GPS,1.79,1.55,0.89,14,7,7,0,0,0,0
04/11/2025,09:15:03,47.47447,19.056891666666665,148.2,F,GPS,1.79,1.55,0.89,14,7,7,0,0,0,0
04/11/2025,09:15:03,47.47447,19.056891666666665,148.2,F,GPS,1.79,1.55,0.89,14,7,7,0,0,0,0
04/11/2025,09:15:03,47.47447,19.056891666666665,148.2,F,GPS,1.79,1.55,0.89,14,7,7,0,0,0,0
04/11/2025,09:15:03,47.47447,19.056891666666665,148.2,F,GPS,1.79,1.55,0.89,14,7,7,0,0,0,0
04/11/2025,09:15:04,47.47446,19.056903333333334,148.0,F,GPS,1.79,1.55,0.89,14,7,7,0,0,0,0
04/11/2025,09:15:04,47.47446,19.056903333333334,148.0,F,GPS,1.79,1.55,0.89,14,7,7,0,0,0,0
04/11/2025,09:15:04,47.47446,19.056903333333334,148.0,F,GPS,1.79,1.55,0.89,14,7,7,0,0,0,0
04/11/2025,09:15:04,47.47446,19.056903333333334,148.0,F,GPS,1.79,1.55,0.89,14,7,7,0,0,0,0
04/11/2025,09:15:05,47.47445333333334,19.056913333333334,147.8,F,GPS,1.79,1.55,0.89,14,7,7,0,0,0,0
04/11/2025,09:15:05,47.47445333333334,19.056913333333334,147.8,F,GPS,1.79,1.55,0.89,14,7,7,0,0,0,0
04/11/2025,09:15:05,47.47445333333334,19.056913333333334,147.8,F,GPS,1.79,1.55,0.89,14,7,7,0,0,0,0
04/11/2025,09:15:05,47.47445333333334,19.056913333333334,147.8,F,GPS,1.79,1.55,0.89,14,7,7,0,0,0,0
04/11/2025,09:15:06,47.47444,19.056926666666666,147.4,F,GPS,1.79,1.55,0.89,14,7,7,0,0,0,0
04/11/2025,09:15:06,47.47444,19.056926666666666,147.4,F,GPS,1.79,1.55,0.89,14,7,7,0,0,0,0
04/11/2025,09:15:06,47.47444,19.056926666666666,147.4,F,GPS,1.79,1.55,0.89,14,7,7,0,0,0,0
04/11/2025,09:15:06,47.47444,19.056926666666666,147.4,F,GPS,1.79,1.55,0.89,14,7,7,0,0,0,0
04/11/2025,09:15:07,47.474425,19.056936666666665,147.0,F,GPS,1.79,1.55,0.89,14,7,7,0,0,0,0
04/11/2025,09:15:07,47.474425,19.056936666666665,147.0,F,GPS,1.79,1.55,0.89,14,7,7,0,0,0,0
04/11/2025,09:15:07,47.474425,19.056936666666665,147.0,F,GPS,1.79,1.55,0.89,14,7,7,0,0,0,0
04/11/2025,09:15:07,47.474425,19.056936666666665,147.0,F,GPS,1.79,1.55,0.89,14,7,7,0,0,0,0
04/11/2025,09:15:08,47.47441166666667,19.056946666666665,146.8,F,GPS,1.79,1.55,0.89,14,7,7,0,0,0,0
04/11/2025,09:15:08,47.47441166666667,19.056946666666665,146.8,F,GPS,1.79,1.55,0.89,14,7,7,0,0,0,0
04/11/2025,09:15:08,47.47441166666667,19.056946666666665,146.8,F,GPS,1.79,1.55,0.89,14,7,7,0,0,0,0
04/11/2025,09:15:08,47.47441166666667,19.056946666666665,146.8,F,GPS,1.79,1.55,0.89,14,7,7,0,0,0,0
04/11/2025,09:15:08,47.47441166666667,19.056946666666665,146.8,F,GPS,1.79,1.55,0.89,14,7,7,0,0,0,0
04/11/2025,09:15:09,47.47439833333333,19.056951666666667,146.6,F,GPS,1.79,1.55,0.89,14,7,7,0,0,0,0
04/11/2025,09:15:09,47.47439833333333,19.056951666666667,146.6,F,GPS,1.79,1.55,0.89,14,7,7,0,0,0,0
04/11/2025,09:15:09,47.47439833333333,19.056951666666667,146.6,F,GPS,1.79,1.55,0.89,14,7,7,0,0,0,0
04/11/2025,09:15:09,47.47439833333333,19.056951666666667,146.6,F,GPS,1.79,1.55,0.89,14,7,7,0,0,0,0
04/11/2025,09:15:10,47.474385,19.05696,146.4,F,GPS,1.79,1.55,0.89,14,7,7,0,0,0,0
04/11/2025,09:15:10,47.474385,19.05696,146.4,F,GPS,1.79,1.55,0.89,14,7,7,0,0,0,0
04/11/2025,09:15:10,47.474385,19.05696,146.4,F,GPS,1.79,1.55,0.89,14,7,7,0,0,0,0
04/11/2025,09:15:10,47.474385,19.05696,146.4,F,GPS,1.79,1.55,0.89,14,7,7,0,0,0,0
04/11/2025,09:15:11,47.47437166666667,19.056971666666666,146.0,F,GPS,1.79,1.55,0.89,14,7,7,0,0,0,0
04/11/2025,09:15:11,47.47437166666667,19.056971666666666,146.0,F,GPS,1.79,1.55,0.89,14,7,7,0,0,0,0
04/11/2025,09:15:11,47.47437166666667,19.056971666666666,146.0,F,GPS,1.79,1.55,0.89,14,7,7,0,0,0,0
04/11/2025,09:15:11,47.47437166666667,19.056971666666666,146.0,F,GPS,1.79,1.55,0.89,14,7,7,0,0,0,0
04/11/2025,09:15:12,47.47436166666667,19.056985,145.8,F,GPS,1.79,1.55,0.89,14,7,7,0,0,0,0
04/11/2025,09:15:12,47.47436166666667,19.056985,145.8,F,GPS,1.79,1.55,0.89,14,7,7,0,0,0,0
04/11/2025,09:15:12,47.47436166666667,19.056985,145.8,F,GPS,1.79,1.55,0.89,14,7,7,0,0,0,0
04/11/2025,09:15:12,47.47436166666667,19.056985,145.8,F,GPS,1.79,1.55,0.89,14,7,7,0,0,0,0
04/11/2025,09:15:13,47.47434666666667,19.056995,145.3,F,GPS,1.79,1.55,0.89,14,7,7,0,0,0,0
04/11/2025,09:15:13,47.47434666666667,19.056995,145.3,F,GPS,1.79,1.55,0.89,14,7,7,0,0,0,0
04/11/2025,09:15:13,47.47434666666667,19.056995,145.3,F,GPS,1.79,1.55,0.89,14,7,7,0,0,0,0
04/11/2025,09:15:13,47.47434666666667,19.056995,145.3,F,GPS,1.79,1.55,0.89,14,7,7,0,0,0,0
04/11/2025,09:15:13,47.47434666666667,19.056995,145.3,F,GPS,1.79,1.55,0.89,14,7,7,0,0,0,0
04/11/2025,09:15:14,47.474335,19.057006666666666,145.0,F,GPS,1.79,1.55,0.89,14,7,7,0,0,0,0
04/11/2025,09:15:14,47.474335,19.057006666666666,145.0,F,GPS,1.79,1.55,0.89,14,7,7,0,0,0,0
04/11/2025,09:15:14,47.474335,19.057006666666666,145.0,F,GPS,1.79,1.55,0.89,14,7,7,0,0,0,0
04/11/2025,09:15:14,47.474335,19.057006666666666,145.0,F,GPS,1.79,1.55,0.89,14,7,7,0,0,0,0
04/11/2025,09:15:15,47.47432333333333,19.05702,144.8,F,GPS,1.79,1.55,0.89,14,7,7,0,0,0,0
04/11/2025,09:15:15,47.47432333333333,19.05702,144.8,F,GPS,1.79,1.55,0.89,14,7,7,0,0,0,0
04/11/2025,09:15:15,47.47432333333333,19.05702,144.8,F,GPS,1.79,1.55,0.89,14,7,7,0,0,0,0
04/11/2025,09:15:15,47.47432333333333,19.05702,144.8,F,GPS,1.79,1.55,0.89,14,7,7,0,0,0,0
04/11/2025,09:15:16,47.474313333333335,19.057028333333335,144.6,F,GPS,1.79,1.55,0.89,14,7,7,0,0,0,0
04/11/2025,09:15:16,47.474313333333335,19.057028333333335,144.6,F,GPS,1.79,1.55,0.89,14,7,7,0,0,0,0
04/11/2025,09:15:16,47.474313333333335,19.057028333333335,144.6,F,GPS,1.79,1.55,0.89,14,7,7,0,0,0,0
04/11/2025,09:15:16,47.474313333333335,19.057028333333335,144.6,F,GPS,1.79,1.55,0.89,14,7,7,0,0,0,0
04/11/2025,09:15:17,47.47430166666667,19.057038333333335,144.4,F,GPS,1.79,1.55,0.89,14,7,7,0,0,0,0
04/11/2025,09:15:17,47.47430166666667,19.057038333333335,144.4,F,GPS,1.79,1.55,0.89,14,7,7,0,0,0,0
04/11/2025,09:15:17,47.47430166666667,19.057038333333335,144.4,F,GPS,1.79,1.55,0.89,14,7,7,0,0,0,0
04/11/2025,09:15:17,47.47430166666667,19.057038333333335,144.4,F,GPS,1.79,1.55,0.89,14,7,7,0,0,0,0
04/11/2025,09:15:18,47.474293333333335,19.057043333333333,144.2,F,GPS,1.79,1.55,0.89,14,7,7,0,0,0,0
04/11/2025,09:15:18,47.474293333333335,19.057043333333333,144.2,F,GPS,1.79,1.55,0.89,14,7,7,0,0,0,0
04/11/2025,09:15:18,47.474293333333335,19.057043333333333,144.2,F,GPS,1.79,1.55,0.89,14,7,7,0,0,0,0
04/11/2025,09:15:18,47.474293333333335,19.057043333333333,144.2,F,GPS,1.79,1.55,0.89,14,7,7,0,0,0,0
04/11/2025,09:15:18,47.474293333333335,19.057043333333333,144.2,F,GPS,1.79,1.55,0.89,14,7,7,0,0,0,0
04/11/2025,09:15:19,47.47428333333333,19.057053333333332,144.0,F,GPS,1.79,1.55,0.89,14,7,7,0,0,0,0
04/11/2025,09:15:19,47.47428333333333,19.057053333333332,144.0,F,GPS,1.79,1.55,0.89,14,7,7,0,0,0,0
04/11/2025,09:15:19,47.47428333333333,19.057053333333332,144.0,F,GPS,1.79,1.55,0.89,14,7,7,0,0,0,0
04/11/2025,09:15:19,47.47428333333333,19.057053333333332,144.0,F,GPS,1.79,1.55,0.89,14,7,7,0,0,0,0
04/11/2025,09:15:20,47.47427666666667,19.057065,143.7,F,GPS,1.79,1.55,0.89,14,7,7,0,0,0,0
04/11/2025,09:15:20,47.47427666666667,19.057065,143.7,F,GPS,1.79,1.55,0.89,14,7,7,0,0,0,0
04/11/2025,09:15:20,47.47427666666667,19.057065,143.7,F,GPS,1.79,1.55,0.89,14,7,7,0,0,0,0
04/11/2025,09:15:20,47.47427666666667,19.057065,143.7,F,GPS,1.79,1.55,0.89,14,7,7,0,0,0,0
04/11/2025,09:15:21,47.474265,19.057073333333335,143.6,F,GPS,1.79,1.55,0.89,14,7,7,0,0,0,0
04/11/2025,09:15:21,47.474265,19.057073333333335,143.6,F,GPS,1.79,1.55,0.89,14,7,7,0,0,0,0
04/11/2025,09:15:21,47.474265,19.057073333333335,143.6,F,GPS,1.79,1.55,0.89,14,7,7,0,0,0,0
04/11/2025,09:15:21,47.474265,19.057073333333335,143.6,F,GPS,1.79,1.55,0.89,14,7,7,0,0,0,0
04/11/2025,09:15:22,47.474255,19.057081666666665,143.3,F,GPS,1.79,1.55,0.89,14,7,7,0,0,0,0
04/11/2025,09:15:22,47.474255,19.057081666666665,143.3,F,GPS,1.79,1.55,0.89,14,7,7,0,0,0,0
04/11/2025,09:15:22,47.474255,19.057081666666665,143.3,F,GPS,1.79,1.55,0.89,14,7,7,0,0,0,0
04/11/2025,09:15:22,47.474255,19.057081666666665,143.3,F,GPS,1.79,1.55,0.89,14,7,7,0,0,0,0
04/11/2025,09:15:23,47.474245,19.05709,143.1,F,GPS,1.79,1.55,0.89,14,7,7,0,0,0,0
04/11/2025,09:15:23,47.474245,19.05709,143.1,F,GPS,1.79,1.55,0.89,14,7,7,0,0,0,0
04/11/2025,09:15:23,47.474245,19.05709,143.1,F,GPS,1.79,1.55,0.89,14,7,7,0,0,0,0
04/11/2025,09:15:23,47.474245,19.05709,143.1,F,GPS,1.79,1.55,0.89,14,7,7,0,0,0,0
04/11/2025,09:15:23,47.474245,19.05709,143.1,F,GPS,1.79,1.55,0.89,14,7,7,0,0,0,0
04/11/2025,09:15:24,47.47423666666667,19.0571,142.9,F,GPS,1.79,1.55,0.89,14,7,7,0,0,0,0
04/11/2025,09:15:24,47.47423666666667,19.0571,142.9,F,GPS,1.79,1.55,0.89,14,7,7,0,0,0,0
04/11/2025,09:15:24,47.47423666666667,19.0571,142.9,F,GPS,1.79,1.55,0.89,14,7,7,0,0,0,0
04/11/2025,09:15:24,47.47423666666667,19.0571,142.9,F,GPS,1.79,1.55,0.89,14,7,7,0,0,0,0
04/11/2025,09:15:25,47.47422666666667,19.057111666666668,142.6,F,GPS,1.79,1.56,0.89,14,7,7,0,0,0,0
04/11/2025,09:15:25,47.47422666666667,19.057111666666668,142.6,F,GPS,1.79,1.56,0.89,14,7,7,0,0,0,0
04/11/2025,09:15:25,47.47422666666667,19.057111666666668,142.6,F,GPS,1.79,1.56,0.89,14,7,7,0,0,0,0
04/11/2025,09:15:25,47.47422666666667,19.057111666666668,142.6,F,GPS,1.79,1.56,0.89,14,7,7,0,0,0,0
04/11/2025,09:15:26,47.47421833333333,19.057121666666667,142.3,F,GPS,1.79,1.55,0.89,14,7,7,0,0,0,0
04/11/2025,09:15:26,47.47421833333333,19.057121666666667,142.3,F,GPS,1.79,1.55,0.89,14,7,7,0,0,0,0
04/11/2025,09:15:26,47.47421833333333,19.057121666666667,142.3,F,GPS,1.79,1.55,0.89,14,7,7,0,0,0,0
04/11/2025,09:15:26,47.47421833333333,19.057121666666667,142.3,F,GPS,1.79,1.55,0.89,14,7,7,0,0,0,0
04/11/2025,09:15:27,47.47421,19.05713666666667,142.0,F,GPS,1.79,1.55,0.89,14,7,7,0,0,0,0
04/11/2025,09:15:27,47.47421,19.05713666666667,142.0,F,GPS,1.79,1.55,0.89,14,7,7,0,0,0,0
04/11/2025,09:15:27,47.47421,19.05713666666667,142.0,F,GPS,1.79,1.55,0.89,14,7,7,0,0,0,0
04/11/2025,09:15:27,47.47421,19.05713666666667,142.0,F,GPS,1.79,1.55,0.89,14,7,7,0,0,0,0
04/11/2025,09:15:28,47.474201666666666,19.057151666666666,141.7,F,GPS,1.79,1.90,0.89,14,7,7,0,0,0,0
04/11/2025,09:15:28,47.474201666666666,19.057151666666666,141.7,F,GPS,2.12,1.90,0.95,14,7,7,0,0,0,0
04/11/2025,09:15:28,47.474201666666666,19.057151666666666,141.7,F,GPS,2.12,1.90,0.95,14,7,7,0,0,0,0
04/11/2025,09:15:28,47.474201666666666,19.057151666666666,141.7,F,GPS,2.12,1.90,0.95,14,7,7,0,0,0,0
04/11/2025,09:15:28,47.474201666666666,19.057151666666666,141.7,F,GPS,2.12,1.90,0.95,14,7,7,0,0,0,0
04/11/2025,09:15:29,47.47419333333333,19.057168333333333,141.4,F,GPS,2.12,1.55,0.95,14,7,7,0,0,0,0
04/11/2025,09:15:29,47.47419333333333,19.057168333333333,141.4,F,GPS,1.79,1.55,0.89,14,7,7,0,0,0,0
04/11/2025,09:15:29,47.47419333333333,19.057168333333333,141.4,F,GPS,1.79,1.55,0.89,14,7,7,0,0,0,0
04/11/2025,09:15:29,47.47419333333333,19.057168333333333,141.4,F,GPS,1.79,1.55,0.89,14,7,7,0,0,0,0
04/11/2025,09:15:30,47.474183333333336,19.057185,141.1,F,GPS,1.79,1.55,0.89,14,7,7,0,0,0,0
04/11/2025,09:15:30,47.474183333333336,19.057185,141.1,F,GPS,1.79,1.55,0.89,14,7,7,0,0,0,0
04/11/2025,09:15:30,47.474183333333336,19.057185,141.1,F,GPS,1.79,1.55,0.89,14,7,7,0,0,0,0
04/11/2025,09:15:30,47.474183333333336,19.057185,141.1,F,GPS,1.79,1.55,0.89,14,7,7,0,0,0,0
04/11/2025,09:15:31,47.47417166666666,19.057195,140.8,F,GPS,1.79,1.90,0.89,14,7,7,0,0,0,0
04/11/2025,09:15:31,47.47417166666666,19.057195,140.8,F,GPS,2.12,1.90,0.95,14,7,7,0,0,0,0
04/11/2025,09:15:31,47.47417166666666,19.057195,140.8,F,GPS,2.12,1.90,0.95,14,7,7,0,0,0,0
04/11/2025,09:15:31,47.47417166666666,19.057195,140.8,F,GPS,2.12,1.90,0.95,14,7,7,0,0,0,0
04/11/2025,09:15:32,47.47416,19.057205,140.5,F,GPS,2.12,1.56,0.95,14,7,7,0,0,0,0
04/11/2025,09:15:32,47.47416,19.057205,140.5,F,GPS,1.79,1.56,0.89,14,7,7,0,0,0,0
04/11/2025,09:15:32,47.47416,19.057205,140.5,F,GPS,1.79,1.56,0.89,14,7,7,0,0,0,0
04/11/2025,09:15:32,47.47416,19.057205,140.5,F,GPS,1.79,1.56,0.89,14,7,7,0,0,0,0
04/11/2025,09:15:33,47.474151666666664,19.057221666666667,140.4,F,GPS,1.79,1.55,0.89,14,7,7,0,0,0,0
04/11/2025,09:15:33,47.474151666666664,19.057221666666667,140.4,F,GPS,1.79,1.55,0.89,14,7,7,0,0,0,0
04/11/2025,09:15:33,47.474151666666664,19.057221666666667,140.4,F,GPS,1.79,1.55,0.89,14,7,7,0,0,0,0
04/11/2025,09:15:33,47.474151666666664,19.057221666666667,140.4,F,GPS,1.79,1.55,0.89,14,7,7,0,0,0,0
04/11/2025,09:15:33,47.474151666666664,19.057221666666667,140.4,F,GPS,1.79,1.55,0.89,14,7,7,0,0,0,0
04/11/2025,09:15:34,47.474138333333336,19.057233333333333,140.1,F,GPS,1.79,1.55,0.89,14,7,7,0,0,0,0
04/11/2025,09:15:34,47.474138333333336,19.057233333333333,140.1,F,GPS,1.79,1.55,0.89,14,7,7,0,0,0,0
04/11/2025,09:15:34,47.474138333333336,19.057233333333333,140.1,F,GPS,1.79,1.55,0.89,14,7,7,0,0,0,0
04/11/2025,09:15:34,47.474138333333336,19.057233333333333,140.1,F,GPS,1.79,1.55,0.89,14,7,7,0,0,0,0
04/11/2025,09:15:35,47.47412666666666,19.057245,139.8,F,GPS,1.79,1.55,0.89,14,7,7,0,0,0,0
04/11/2025,09:15:35,47.47412666666666,19.057245,139.8,F,GPS,1.79,1.55,0.89,14,7,7,0,0,0,0
04/11/2025,09:15:35,47.47412666666666,19.057245,139.8,F,GPS,1.79,1.55,0.89,14,7,7,0,0,0,0
04/11/2025,09:15:35,47.47412666666666,19.057245,139.8,F,GPS,1.79,1.55,0.89,14,7,7,0,0,0,0
04/11/2025,09:15:36,47.474115,19.057258333333333,139.5,F,GPS,1.79,1.55,0.89,14,7,7,0,0,0,0
04/11/2025,09:15:36,47.474115,19.057258333333333,139.5,F,GPS,1.79,1.55,0.89,14,7,7,0,0,0,0
04/11/2025,09:15:36,47.474115,19.057258333333333,139.5,F,GPS,1.79,1.55,0.89,14,7,7,0,0,0,0
04/11/2025,09:15:36,47.474115,19.057258333333333,139.5,F,GPS,1.79,1.55,0.89,14,7,7,0,0,0,0
04/11/2025,09:15:37,47.4741,19.057263333333335,139.1,F,GPS,1.79,1.55,0.89,14,7,7,0,0,0,0
04/11/2025,09:15:37,47.4741,19.057263333333335,139.1,F,GPS,1.79,1.55,0.89,14,7,7,0,0,0,0
04/11/2025,09:15:37,47.4741,19.057263333333335,139.1,F,GPS,1.79,1.55,0.89,14,7,7,0,0,0,0
04/11/2025,09:15:37,47.4741,19.057263333333335,139.1,F,GPS,1.79,1.55,0.89,14,7,7,0,0,0,0
04/11/2025,09:15:38,47.474085,19.057273333333335,138.8,F,GPS,1.79,1.55,0.89,14,7,7,0,0,0,0
04/11/2025,09:15:38,47.474085,19.057273333333335,138.8,F,GPS,1.79,1.55,0.89,14,7,7,0,0,0,0
04/11/2025,09:15:38,47.474085,19.057273333333335,138.8,F,GPS,1.79,1.55,0.89,14,7,7,0,0,0,0
04/11/2025,09:15:38,47.474085,19.057273333333335,138.8,F,GPS,1.79,1.55,0.89,14,7,7,0,0,0,0
04/11/2025,09:15:38,47.474085,19.057273333333335,138.8,F,GPS,1.79,1.55,0.89,14,7,7,0,0,0,0
04/11/2025,09:15:39,47.47407333333334,19.05728,138.5,F,GPS,1.79,1.55,0.89,14,7,7,0,0,0,0
04/11/2025,09:15:39,47.47407333333334,19.05728,138.5,F,GPS,1.79,1.55,0.89,14,7,7,0,0,0,0
04/11/2025,09:15:39,47.47407333333334,19.05728,138.5,F,GPS,1.79,1.55,0.89,14,7,7,0,0,0,0
04/11/2025,09:15:39,47.47407333333334,19.05728,138.5,F,GPS,1.79,1.55,0.89,14,7,7,0,0,0,0
04/11/2025,09:15:40,47.474065,19.0573,138.1,F,GPS,1.79,1.55,0.89,14,7,7,0,0,0,0
04/11/2025,09:15:40,47.474065,19.0573,138.1,F,GPS,1.79,1.55,0.89,14,7,7,0,0,0,0
04/11/2025,09:15:40,47.474065,19.0573,138.1,F,GPS,1.79,1.55,0.89,14,7,7,0,0,0,0
04/11/2025,09:15:40,47.474065,19.0573,138.1,F,GPS,1.79,1.55,0.89,14,7,7,0,0,0,0
04/11/2025,09:15:41,47.474055,19.057318333333335,137.7,F,GPS,1.79,1.55,0.89,14,7,7,0,0,0,0
04/11/2025,09:15:41,47.474055,19.057318333333335,137.7,F,GPS,1.79,1.55,0.89,14,7,7,0,0,0,0
04/11/2025,09:15:41,47.474055,19.057318333333335,137.7,F,GPS,1.79,1.55,0.89,14,7,7,0,0,0,0
04/11/2025,09:15:41,47.474055,19.057318333333335,137.7,F,GPS,1.79,1.55,0.89,14,7,7,0,0,0,0
04/11/2025,09:15:42,47.474043333333334,19.057323333333333,137.5,F,GPS,1.79,1.55,0.89,14,7,7,0,0,0,0
04/11/2025,09:15:42,47.474043333333334,19.057323333333333,137.5,F,GPS,1.79,1.55,0.89,14,7,7,0,0,0,0
04/11/2025,09:15:42,47.474043333333334,19.057323333333333,137.5,F,GPS,1.79,1.55,0.89,14,7,7,0,0,0,0
04/11/2025,09:15:42,47.474043333333334,19.057323333333333,137.5,F,GPS,1.79,1.55,0.89,14,7,7,0,0,0,0
04/11/2025,09:15:43,47.47403333333333,19.057333333333332,137.2,F,GPS,1.79,1.55,0.89,14,7,7,0,0,0,0
04/11/2025,09:15:43,47.47403333333333,19.057333333333332,137.2,F,GPS,1.79,1.55,0.89,14,7,7,0,0,0,0
04/11/2025,09:15:43,47.47403333333333,19.057333333333332,137.2,F,GPS,1.79,1.55,0.89,14,7,7,0,0,0,0
04/11/2025,09:15:43,47.47403333333333,19.057333333333332,137.2,F,GPS,1.79,1.55,0.89,14,7,7,0,0,0,0
04/11/2025,09:15:43,47.47403333333333,19.057333333333332,137.2,F,GPS,1.79,1.55,0.89,14,7,7,0,0,0,0
04/11/2025,09:15:44,47.474021666666665,19.05734,136.9,F,GPS,1.79,1.55,0.89,14,7,7,0,0,0,0
04/11/2025,09:15:44,47.474021666666665,19.05734,136.9,F,GPS,1.79,1.55,0.89,14,7,7,0,0,0,0
04/11/2025,09:15:44,47.474021666666665,19.05734,136.9,F,GPS,1.79,1.55,0.89,14,7,7,0,0,0,0
04/11/2025,09:15:44,47.474021666666665,19.05734,136.9,F,GPS,1.79,1.55,0.89,14,7,7,0,0,0,0
04/11/2025,09:15:45,47.47401,19.057351666666666,136.7,F,GPS,1.79,1.55,0.89,14,7,7,0,0,0,0
04/11/2025,09:15:45,47.47401,19.057351666666666,136.7,F,GPS,1.79,1.55,0.89,14,7,7,0,0,0,0
04/11/2025,09:15:45,47.47401,19.057351666666666,136.7,F,GPS,1.79,1.55,0.89,14,7,7,0,0,0,0
04/11/2025,09:15:45,47.47401,19.057351666666666,136.7,F,GPS,1.79,1.55,0.89,14,7,7,0,0,0,0
04/11/2025,09:15:46,47.474001666666666,19.057361666666665,136.4,F,GPS,1.79,1.55,0.89,14,7,7,0,0,0,0
04/11/2025,09:15:46,47.474001666666666,19.057361666666665,136.4,F,GPS,1.79,1.55,0.89,14,7,7,0,0,0,0
04/11/2025,09:15:46,47.474001666666666,19.057361666666665,136.4,F,GPS,1.79,1.55,0.89,14,7,7,0,0,0,0
04/11/2025,09:15:46,47.474001666666666,19.057361666666665,136.4,F,GPS,1.79,1.55,0.89,14,7,7,0,0,0,0
04/11/2025,09:15:47,47.473995,19.05737166666667,136.2,F,GPS,1.79,1.55,0.89,14,7,7,0,0,0,0
04/11/2025,09:15:47,47.473995,19.05737166666667,136.2,F,GPS,1.79,1.55,0.89,14,7,7,0,0,0,0
04/11/2025,09:15:47,47.473995,19.05737166666667,136.2,F,GPS,1.79,1.55,0.89,14,7,7,0,0,0,0
04/11/2025,09:15:47,47.473995,19.05737166666667,136.2,F,GPS,1.79,1.55,0.89,14,7,7,0,0,0,0
04/11/2025,09:15:48,47.47398666666667,19.05737166666667,136.0,F,GPS,1.79,1.55,0.89,14,7,7,0,0,0,0
04/11/2025,09:15:48,47.47398666666667,19.05737166666667,136.0,F,GPS,1.79,1.55,0.89,14,7,7,0,0,0,0
04/11/2025,09:15:48,47.47398666666667,19.05737166666667,136.0,F,GPS,1.79,1.55,0.89,14,7,7,0,0,0,0
04/11/2025,09:15:48,47.47398666666667,19.05737166666667,136.0,F,GPS,1.79,1.55,0.89,14,7,7,0,0,0,0
04/11/2025,09:15:48,47.47398666666667,19.05737166666667,136.0,F,GPS,1.79,1.55,0.89,14,7,7,0,0,0,0
04/11/2025,09:15:49,47.473978333333335,19.05737166666667,135.8,F,GPS,1.79,1.56,0.89,14,7,7,0,0,0,0
04/11/2025,09:15:49,47.473978333333335,19.05737166666667,135.8,F,GPS,1.79,1.56,0.89,14,7,7,0,0,0,0
04/11/2025,09:15:49,47.473978333333335,19.05737166666667,135.8,F,GPS,1.79,1.56,0.89,14,7,7,0,0,0,0
04/11/2025,09:15:49,47.473978333333335,19.05737166666667,135.8,F,GPS,1.79,1.56,0.89,14,7,7,0,0,0,0
04/11/2025,09:15:50,47.47397,19.05737,135.5,F,GPS,1.79,1.56,0.89,14,7,7,0,0,0,0
04/11/2025,09:15:50,47.47397,19.05737,135.5,F,GPS,1.79,1.56,0.89,14,7,7,0,0,0,0
04/11/2025,09:15:50,47.47397,19.05737,135.5,F,GPS,1.79,1.56,0.89,14,7,7,0,0,0,0
04/11/2025,09:15:50,47.47397,19.05737,135.5,F,GPS,1.79,1.56,0.89,14,7,7,0,0,0,0
04/11/2025,09:15:51,47.47396166666667,19.057375,135.3,F,GPS,1.79,1.55,0.89,14,7,7,0,0,0,0
04/11/2025,09:15:51,47.47396166666667,19.057375,135.3,F,GPS,1.79,1.55,0.89,14,7,7,0,0,0,0
04/11/2025,09:15:51,47.47396166666667,19.057375,135.3,F,GPS,1.79,1.55,0.89,14,7,7,0,0,0,0
04/11/2025,09:15:51,47.47396166666667,19.057375,135.3,F,GPS,1.79,1.55,0.89,14,7,7,0,0,0,0
04/11/2025,09:15:52,47.473953333333334,19.057381666666668,135.0,F,GPS,1.79,1.55,0.89,14,7,7,0,0,0,0
04/11/2025,09:15:52,47.473953333333334,19.057381666666668,135.0,F,GPS,1.79,1.55,0.89,14,7,7,0,0,0,0
04/11/2025,09:15:52,47.473953333333334,19.057381666666668,135.0,F,GPS,1.79,1.55,0.89,14,7,7,0,0,0,0
04/11/2025,09:15:52,47.473953333333334,19.057381666666668,135.0,F,GPS,1.79,1.55,0.89,14,7,7,0,0,0,0
04/11/2025,09:15:53,47.47394666666667,19.057388333333332,134.8,F,GPS,1.79,1.55,0.89,14,7,7,0,0,0,0
04/11/2025,09:15:53,47.47394666666667,19.057388333333332,134.8,F,GPS,1.79,1.55,0.89,14,7,7,0,0,0,0
04/11/2025,09:15:53,47.47394666666667,19.057388333333332,134.8,F,GPS,1.79,1.55,0.89,14,7,7,0,0,0,0
04/11/2025,09:15:53,47.47394666666667,19.057388333333332,134.8,F,GPS,1.79,1.55,0.89,14,7,7,0,0,0,0
04/11/2025,09:15:53,47.47394666666667,19.057388333333332,134.8,F,GPS,1.79,1.55,0.89,14,7,7,0,0,0,0
04/11/2025,09:15:54,47.47394333333333,19.057403333333333,134.7,F,GPS,1.79,1.55,0.89,14,7,7,0,0,0,0
04/11/2025,09:15:54,47.47394333333333,19.057403333333333,134.7,F,GPS,1.79,1.55,0.89,14,7,7,0,0,0,0
04/11/2025,09:15:54,47.47394333333333,19.057403333333333,134.7,F,GPS,1.79,1.55,0.89,14,7,7,0,0,0,0
04/11/2025,09:15:54,47.47394333333333,19.057403333333333,134.7,F,GPS,1.79,1.55,0.89,14,7,7,0,0,0,0
04/11/2025,09:15:55,47.47393666666667,19.057416666666665,134.5,F,GPS,1.79,1.55,0.89,14,7,7,0,0,0,0
04/11/2025,09:15:55,47.47393666666667,19.057416666666665,134.5,F,GPS,1.79,1.55,0.89,14,7,7,0,0,0,0
04/11/2025,09:15:55,47.47393666666667,19.057416666666665,134.5,F,GPS,1.79,1.55,0.89,14,7,7,0,0,0,0
04/11/2025,09:15:55,47.47393666666667,19.057416666666665,134.5,F,GPS,1.79,1.55,0.89,14,7,7,0,0,0,0
04/11/2025,09:15:56,47.473933333333335,19.057425,134.3,F,GPS,1.79,1.55,0.89,14,7,7,0,0,0,0
04/11/2025,09:15:56,47.473933333333335,19.057425,134.3,F,GPS,1.79,1.55,0.89,14,7,7,0,0,0,0
04/11/2025,09:15:56,47.473933333333335,19.057425,134.3,F,GPS,1.79,1.55,0.89,14,7,7,0,0,0,0
04/11/2025,09:15:56,47.473933333333335,19.057425,134.3,F,GPS,1.79,1.55,0.89,14,7,7,0,0,0,0
04/11/2025,09:15:57,47.473935,19.057438333333334,134.1,F,GPS,1.79,1.55,0.89,14,7,7,0,0,0,0
04/11/2025,09:15:57,47.473935,19.057438333333334,134.1,F,GPS,1.79,1.55,0.89,14,7,7,0,0,0,0
04/11/2025,09:15:57,47.473935,19.057438333333334,134.1,F,GPS,1.79,1.55,0.89,14,7,7,0,0,0,0
04/11/2025,09:15:57,47.473935,19.057438333333334,134.1,F,GPS,1.79,1.55,0.89,14,7,7,0,0,0,0
04/11/2025,09:15:58,47.47393833333334,19.057456666666667,133.9,F,GPS,1.79,1.55,0.89,14,7,7,0,0,0,0
04/11/2025,09:15:58,47.47393833333334,19.057456666666667,133.9,F,GPS,1.79,1.55,0.89,14,7,7,0,0,0,0
04/11/2025,09:15:58,47.47393833333334,19.057456666666667,133.9,F,GPS,1.79,1.55,0.89,14,7,7,0,0,0,0
04/11/2025,09:15:58,47.47393833333334,19.057456666666667,133.9,F,GPS,1.79,1.55,0.89,14,7,7,0,0,0,0
04/11/2025,09:15:58,47.47393833333334,19.057456666666667,133.9,F,GPS,1.79,1.55,0.89,14,7,7,0,0,0,0
04/11/2025,09:15:59,47.47394166666667,19.05747,133.7,F,GPS,1.79,1.55,0.89,14,7,7,0,0,0,0
04/11/2025,09:15:59,47.47394166666667,19.05747,133.7,F,GPS,1.79,1.55,0.89,14,7,7,0,0,0,0
04/11/2025,09:15:59,47.47394166666667,19.05747,133.7,F,GPS,1.79,1.55,0.89,14,7,7,0,0,0,0
04/11/2025,09:15:59,47.47394166666667,19.05747,133.7,F,GPS,1.79,1.55,0.89,14,7,7,0,0,0,0
04/11/2025,09:16:00,47.473953333333334,19.057481666666668,133.6,F,GPS,1.79,1.55,0.89,14,7,7,0,0,0,0
04/11/2025,09:16:00,47.473953333333334,19.057481666666668,133.6,F,GPS,1.79,1.55,0.89,14,7,7,0,0,0,0
04/11/2025,09:16:00,47.473953333333334,19.057481666666668,133.6,F,GPS,1.79,1.55,0.89,14,7,7,0,0,0,0
04/11/2025,09:16:00,47.473953333333334,19.057481666666668,133.6,F,GPS,1.79,1.55,0.89,14,7,7,0,0,0,0
04/11/2025,09:16:01,47.473958333333336,19.057491666666667,133.3,F,GPS,1.79,1.55,0.89,14,7,7,0,0,0,0
04/11/2025,09:16:01,47.473958333333336,19.057491666666667,133.3,F,GPS,1.79,1.55,0.89,14,7,7,0,0,0,0
04/11/2025,09:16:01,47.473958333333336,19.057491666666667,133.3,F,GPS,1.79,1.55,0.89,14,7,7,0,0,0,0
04/11/2025,09:16:01,47.473958333333336,19.057491666666667,133.3,F,GPS,1.79,1.55,0.89,14,7,7,0,0,0,0
04/11/2025,09:16:02,47.47397,19.057501666666667,133.1,F,GPS,1.79,1.55,0.89,14,7,7,0,0,0,0
04/11/2025,09:16:02,47.47397,19.057501666666667,133.1,F,GPS,1.79,1.55,0.89,14,7,7,0,0,0,0
04/11/2025,09:16:02,47.47397,19.057501666666667,133.1,F,GPS,1.79,1.55,0.89,14,7,7,0,0,0,0
04/11/2025,09:16:02,47.47397,19.057501666666667,133.1,F,GPS,1.79,1.55,0.89,14,7,7,0,0,0,0
04/11/2025,09:16:03,47.473976666666665,19.057513333333333,132.9,F,GPS,1.79,1.55,0.89,14,7,7,0,0,0,0
04/11/2025,09:16:03,47.473976666666665,19.057513333333333,132.9,F,GPS,1.79,1.55,0.89,14,7,7,0,0,0,0
04/11/2025,09:16:03,47.473976666666665,19.057513333333333,132.9,F,GPS,1.79,1.55,0.89,14,7,7,0,0,0,0
04/11/2025,09:16:03,47.473976666666665,19.057513333333333,132.9,F,GPS,1.79,1.55,0.89,14,7,7,0,0,0,0
04/11/2025,09:16:03,47.473976666666665,19.057513333333333,132.9,F,GPS,1.79,1.55,0.89,14,7,7,0,0,0,0
04/11/2025,09:16:04,47.47396833333333,19.057533333333332,132.6,F,GPS,1.79,1.55,0.89,14,7,7,0,0,0,0
04/11/2025,09:16:04,47.47396833333333,19.057533333333332,132.6,F,GPS,1.79,1.55,0.89,14,7,7,0,0,0,0
04/11/2025,09:16:04,47.47396833333333,19.057533333333332,132.6,F,GPS,1.79,1.55,0.89,14,7,7,0,0,0,0
04/11/2025,09:16:04,47.47396833333333,19.057533333333332,132.6,F,GPS,1.79,1.55,0.89,14,7,7,0,0,0,0
04/11/2025,09:16:05,47.47396333333333,19.057548333333333,132.3,F,GPS,1.79,1.55,0.89,14,7,7,0,0,0,0
04/11/2025,09:16:05,47.47396333333333,19.057548333333333,132.3,F,GPS,1.79,1.55,0.89,14,7,7,0,0,0,0
04/11/2025,09:16:05,47.47396333333333,19.057548333333333,132.3,F,GPS,1.79,1.55,0.89,14,7,7,0,0,0,0
04/11/2025,09:16:05,47.47396333333333,19.057548333333333,132.3,F,GPS,1.79,1.55,0.89,14,7,7,0,0,0,0
04/11/2025,09:16:06,47.473953333333334,19.057566666666666,132.1,F,GPS,1.79,1.56,0.89,14,7,7,0,0,0,0
04/11/2025,09:16:06,47.473953333333334,19.057566666666666,132.1,F,GPS,1.79,1.56,0.89,14,7,7,0,0,0,0
04/11/2025,09:16:06,47.473953333333334,19.057566666666666,132.1,F,GPS,1.79,1.56,0.89,14,7,7,0,0,0,0
04/11/2025,09:16:06,47.473953333333334,19.057566666666666,132.1,F,GPS,1.79,1.56,0.89,14,7,7,0,0,0,0
04/11/2025,09:16:07,47.473953333333334,19.057578333333332,131.8,F,GPS,1.79,1.56,0.89,14,7,7,0,0,0,0
04/11/2025,09:16:07,47.473953333333334,19.057578333333332,131.8,F,GPS,1.79,1.56,0.89,14,7,7,0,0,0,0
04/11/2025,09:16:07,47.473953333333334,19.057578333333332,131.8,F,GPS,1.79,1.56,0.89,14,7,7,0,0,0,0
04/11/2025,09:16:07,47.473953333333334,19.057578333333332,131.8,F,GPS,1.79,1.56,0.89,14,7,7,0,0,0,0
04/11/2025,09:16:08,47.473953333333334,19.05758833333333,131.5,F,GPS,1.79,1.56,0.89,14,7,7,0,0,0,0
04/11/2025,09:16:08,47.473953333333334,19.05758833333333,131.5,F,GPS,1.79,1.56,0.89,14,7,7,0,0,0,0
04/11/2025,09:16:08,47.473953333333334,19.05758833333333,131.5,F,GPS,1.79,1.56,0.89,14,7,7,0,0,0,0
04/11/2025,09:16:08,47.473953333333334,19.05758833333333,131.5,F,GPS,1.79,1.56,0.89,14,7,7,0,0,0,0
04/11/2025,09:16:08,47.473953333333334,19.05758833333333,131.5,F,GPS,1.79,1.56,0.89,14,7,7,0,0,0,0
04/11/2025,09:16:09,47.47394833333333,19.057595,131.3,F,GPS,1.79,1.56,0.89,14,7,7,0,0,0,0
04/11/2025,09:16:09,47.47394833333333,19.057595,131.3,F,GPS,1.79,1.56,0.89,14,7,7,0,0,0,0
04/11/2025,09:16:09,47.47394833333333,19.057595,131.3,F,GPS,1.79,1.56,0.89,14,7,7,0,0,0,0
04/11/2025,09:16:09,47.47394833333333,19.057595,131.3,F,GPS,1.79,1.56,0.89,14,7,7,0,0,0,0
04/11/2025,09:16:10,47.473953333333334,19.057595,131.2,F,GPS,1.79,1.55,0.89,14,7,7,0,0,0,0
04/11/2025,09:16:10,47.473953333333334,19.057595,131.2,F,GPS,1.79,1.55,0.89,14,7,7,0,0,0,0
04/11/2025,09:16:10,47.473953333333334,19.057595,131.2,F,GPS,1.79,1.55,0.89,14,7,7,0,0,0,0
04/11/2025,09:16:10,47.473953333333334,19.057595,131.2,F,GPS,1.79,1.55,0.89,14,7,7,0,0,0,0
04/11/2025,09:16:11,47.47396166666667,19.057603333333333,131.0,F,GPS,1.79,1.56,0.89,14,7,7,0,0,0,0
04/11/2025,09:16:11,47.47396166666667,19.057603333333333,131.0,F,GPS,1.79,1.56,0.89,14,7,7,0,0,0,0
04/11/2025,09:16:11,47.47396166666667,19.057603333333333,131.0,F,GPS,1.79,1.56,0.89,14,7,7,0,0,0,0
04/11/2025,09:16:11,47.47396166666667,19.057603333333333,131.0,F,GPS,1.79,1.56,0.89,14,7,7,0,0,0,0
04/11/2025,09:16:12,47.473945,19.057613333333332,130.9,F,GPS,1.79,1.56,0.89,14,7,7,0,0,0,0
04/11/2025,09:16:12,47.473945,19.057613333333332,130.9,F,GPS,1.79,1.56,0.89,14,7,7,0,0,0,0
04/11/2025,09:16:12,47.473945,19.057613333333332,130.9,F,GPS,1.79,1.56,0.89,14,7,7,0,0,0,0
04/11/2025,09:16:12,47.473945,19.057613333333332,130.9,F,GPS,1.79,1.56,0.89,14,7,7,0,0,0,0
04/11/2025,09:16:13,47.47394166666667,19.057631666666666,130.8,F,GPS,1.79,1.56,0.89,14,7,7,0,0,0,0
04/11/2025,09:16:13,47.47394166666667,19.057631666666666,130.8,F,GPS,1.79,1.56,0.89,14,7,7,0,0,0,0
04/11/2025,09:16:13,47.47394166666667,19.057631666666666,130.8,F,GPS,1.79,1.56,0.89,14,7,7,0,0,0,0
04/11/2025,09:16:13,47.47394166666667,19.057631666666666,130.8,F,GPS,1.79,1.56,0.89,14,7,7,0,0,0,0
04/11/2025,09:16:13,47.47394166666667,19.057631666666666,130.8,F,GPS,1.79,1.56,0.89,14,7,7,0,0,0,0
04/11/2025,09:16:14,47.47394666666667,19.057641666666665,130.6,F,GPS,1.79,1.56,0.89,14,7,7,0,0,0,0
04/11/2025,09:16:14,47.47394666666667,19.057641666666665,130.6,F,GPS,1.79,1.56,0.89,14,7,7,0,0,0,0
04/11/2025,09:16:14,47.47394666666667,19.057641666666665,130.6,F,GPS,1.79,1.56,0.89,14,7,7,0,0,0,0
04/11/2025,09:16:14,47.47394666666667,19.057641666666665,130.6,F,GPS,1.79,1.56,0.89,14,7,7,0,0,0,0
04/11/2025,09:16:15,47.47394166666667,19.05766,130.4,F,GPS,1.79,1.56,0.89,14,7,7,0,0,0,0
04/11/2025,09:16:15,47.47394166666667,19.05766,130.4,F,GPS,1.79,1.56,0.89,14,7,7,0,0,0,0
04/11/2025,09:16:15,47.47394166666667,19.05766,130.4,F,GPS,1.79,1.56,0.89,14,7,7,0,0,0,0
04/11/2025,09:16:15,47.47394166666667,19.05766,130.4,F,GPS,1.79,1.56,0.89,14,7,7,0,0,0,0
04/11/2025,09:16:16,47.47394166666667,19.057671666666668,130.2,F,GPS,1.79,1.56,0.89,14,7,7,0,0,0,0
04/11/2025,09:16:16,47.47394166666667,19.057671666666668,130.2,F,GPS,1.79,1.56,0.89,14,7,7,0,0,0,0
04/11/2025,09:16:16,47.47394166666667,19.057671666666668,130.2,F,GPS,1.79,1.56,0.89,14,7,7,0,0,0,0
04/11/2025,09:16:16,47.47394166666667,19.057671666666668,130.2,F,GPS,1.79,1.56,0.89,14,7,7,0,0,0,0
04/11/2025,09:16:17,47.47394333333333,19.057683333333333,130.0,F,GPS,1.79,1.56,0.89,14,7,7,0,0,0,0
04/11/2025,09:16:17,47.47394333333333,19.057683333333333,130.0,F,GPS,1.79,1.56,0.89,14,7,7,0,0,0,0
04/11/2025,09:16:17,47.47394333333333,19.057683333333333,130.0,F,GPS,1.79,1.56,0.89,14,7,7,0,0,0,0
04/11/2025,09:16:17,47.47394333333333,19.057683333333333,130.0,F,GPS,1.79,1.56,0.89,14,7,7,0,0,0,0
04/11/2025,09:16:18,47.47393833333334,19.057695,129.9,F,GPS,1.79,1.56,0.89,14,7,7,0,0,0,0
04/11/2025,09:16:18,47.47393833333334,19.057695,129.9,F,GPS,1.79,1.56,0.89,14,7,7,0,0,0,0
04/11/2025,09:16:18,47.47393833333334,19.057695,129.9,F,GPS,1.79,1.56,0.89,14,7,7,0,0,0,0
04/11/2025,09:16:18,47.47393833333334,19.057695,129.9,F,GPS,1.79,1.56,0.89,14,7,7,0,0,0,0
04/11/2025,09:16:18,47.47393833333334,19.057695,129.9,F,GPS,1.79,1.56,0.89,14,7,7,0,0,0,0
04/11/2025,09:16:19,47.47394166666667,19.057708333333334,129.6,F,GPS,1.79,1.56,0.89,14,7,7,0,0,0,0
04/11/2025,09:16:19,47.47394166666667,19.057708333333334,129.6,F,GPS,1.79,1.56,0.89,14,7,7,0,0,0,0
04/11/2025,09:16:19,47.47394166666667,19.057708333333334,129.6,F,GPS,1.79,1.56,0.89,14,7,7,0,0,0,0
04/11/2025,09:16:19,47.47394166666667,19.057708333333334,129.6,F,GPS,1.79,1.56,0.89,14,7,7,0,0,0,0
04/11/2025,09:16:20,47.47394,19.057723333333332,129.4,F,GPS,1.79,1.56,0.89,14,7,7,0,0,0,0
04/11/2025,09:16:20,47.47394,19.057723333333332,129.4,F,GPS,1.79,1.56,0.89,14,7,7,0,0,0,0
04/11/2025,09:16:20,47.47394,19.057723333333332,129.4,F,GPS,1.79,1.56,0.89,14,7,7,0,0,0,0
04/11/2025,09:16:20,47.47394,19.057723333333332,129.4,F,GPS,1.79,1.56,0.89,14,7,7,0,0,0,0
04/11/2025,09:16:21,47.47394166666667,19.057735,129.2,F,GPS,1.79,1.56,0.89,14,7,7,0,0,0,0
04/11/2025,09:16:21,47.47394166666667,19.057735,129.2,F,GPS,1.79,1.56,0.89,14,7,7,0,0,0,0
04/11/2025,09:16:21,47.47394166666667,19.057735,129.2,F,GPS,1.79,1.56,0.89,14,7,7,0,0,0,0
04/11/2025,09:16:21,47.47394166666667,19.057735,129.2,F,GPS,1.79,1.56,0.89,14,7,7,0,0,0,0
04/11/2025,09:16:22,47.47394333333333,19.057753333333334,129.1,F,GPS,1.79,1.56,0.89,14,7,7,0,0,0,0
04/11/2025,09:16:22,47.47394333333333,19.057753333333334,129.1,F,GPS,1.79,1.56,0.89,14,7,7,0,0,0,0
04/11/2025,09:16:22,47.47394333333333,19.057753333333334,129.1,F,GPS,1.79,1.56,0.89,14,7,7,0,0,0,0
04/11/2025,09:16:22,47.47394333333333,19.057753333333334,129.1,F,GPS,1.79,1.56,0.89,14,7,7,0,0,0,0
04/11/2025,09:16:23,47.47394833333333,19.05777,128.9,F,GPS,1.79,1.56,0.89,14,7,7,0,0,0,0
04/11/2025,09:16:23,47.47394833333333,19.05777,128.9,F,GPS,1.79,1.56,0.89,14,7,7,0,0,0,0
04/11/2025,09:16:23,47.47394833333333,19.05777,128.9,F,GPS,1.79,1.56,0.89,14,7,7,0,0,0,0
04/11/2025,09:16:23,47.47394833333333,19.05777,128.9,F,GPS,1.79,1.56,0.89,14,7,7,0,0,0,0
04/11/2025,09:16:23,47.47394833333333,19.05777,128.9,F,GPS,1.79,1.56,0.89,14,7,7,0,0,0,0
04/11/2025,09:16:24,47.473955,19.057783333333333,128.7,F,GPS,1.79,1.56,0.89,14,7,7,0,0,0,0
04/11/2025,09:16:24,47.473955,19.057783333333333,128.7,F,GPS,1.79,1.56,0.89,14,7,7,0,0,0,0
04/11/2025,09:16:24,47.473955,19.057783333333333,128.7,F,GPS,1.79,1.56,0.89,14,7,7,0,0,0,0
04/11/2025,09:16:24,47.473955,19.057783333333333,128.7,F,GPS,1.79,1.56,0.89,14,7,7,0,0,0,0
04/11/2025,09:16:25,47.473953333333334,19.057801666666666,128.5,F,GPS,1.79,1.56,0.89,14,7,7,0,0,0,0
04/11/2025,09:16:25,47.473953333333334,19.057801666666666,128.5,F,GPS,1.79,1.56,0.89,14,7,7,0,0,0,0
04/11/2025,09:16:25,47.473953333333334,19.057801666666666,128.5,F,GPS,1.79,1.56,0.89,14,7,7,0,0,0,0
04/11/2025,09:16:25,47.473953333333334,19.057801666666666,128.5,F,GPS,1.79,1.56,0.89,14,7,7,0,0,0,0
04/11/2025,09:16:26,47.47395,19.057816666666668,128.3,F,GPS,1.79,1.56,0.89,14,7,7,0,0,0,0
04/11/2025,09:16:26,47.47395,19.057816666666668,128.3,F,GPS,1.79,1.56,0.89,14,7,7,0,0,0,0
04/11/2025,09:16:26,47.47395,19.057816666666668,128.3,F,GPS,1.79,1.56,0.89,14,7,7,0,0,0,0
04/11/2025,09:16:26,47.47395,19.057816666666668,128.3,F,GPS,1.79,1.56,0.89,14,7,7,0,0,0,0
04/11/2025,09:16:27,47.473951666666665,19.057831666666665,128.1,F,GPS,1.79,1.56,0.89,14,7,7,0,0,0,0
04/11/2025,09:16:27,47.473951666666665,19.057831666666665,128.1,F,GPS,1.79,1.56,0.89,14,7,7,0,0,0,0
04/11/2025,09:16:27,47.473951666666665,19.057831666666665,128.1,F,GPS,1.79,1.56,0.89,14,7,7,0,0,0,0
04/11/2025,09:16:27,47.473951666666665,19.057831666666665,128.1,F,GPS,1.79,1.56,0.89,14,7,7,0,0,0,0
04/11/2025,09:16:28,47.473951666666665,19.057846666666666,127.8,F,GPS,1.79,1.56,0.89,14,7,7,0,0,0,0
04/11/2025,09:16:28,47.473951666666665,19.057846666666666,127.8,F,GPS,1.79,1.56,0.89,14,7,7,0,0,0,0
04/11/2025,09:16:28,47.473951666666665,19.057846666666666,127.8,F,GPS,1.79,1.56,0.89,14,7,7,0,0,0,0
04/11/2025,09:16:28,47.473951666666665,19.057846666666666,127.8,F,GPS,1.79,1.56,0.89,14,7,7,0,0,0,0
04/11/2025,09:16:28,47.473951666666665,19.057846666666666,127.8,F,GPS,1.79,1.56,0.89,14,7,7,0,0,0,0
04/11/2025,09:16:29,47.47395,19.05786833333333,127.6,F,GPS,1.79,1.56,0.89,14,7,7,0,0,0,0
04/11/2025,09:16:29,47.47395,19.05786833333333,127.6,F,GPS,1.79,1.56,0.89,14,7,7,0,0,0,0
04/11/2025,09:16:29,47.47395,19.05786833333333,127.6,F,GPS,1.79,1.56,0.89,14,7,7,0,0,0,0
04/11/2025,09:16:29,47.47395,19.05786833333333,127.6,F,GPS,1.79,1.56,0.89,14,7,7,0,0,0,0
04/11/2025,09:16:30,47.473953333333334,19.05789,127.5,F,GPS,1.79,1.56,0.89,14,7,7,0,0,0,0
04/11/2025,09:16:30,47.473953333333334,19.05789,127.5,F,GPS,1.79,1.56,0.89,14,7,7,0,0,0,0
04/11/2025,09:16:30,47.473953333333334,19.05789,127.5,F,GPS,1.79,1.56,0.89,14,7,7,0,0,0,0
04/11/2025,09:16:30,47.473953333333334,19.05789,127.5,F,GPS,1.79,1.56,0.89,14,7,7,0,0,0,0
04/11/2025,09:16:31,47.473951666666665,19.057903333333332,127.3,F,GPS,1.79,1.56,0.89,14,7,7,0,0,0,0
04/11/2025,09:16:31,47.473951666666665,19.057903333333332,127.3,F,GPS,1.79,1.56,0.89,14,7,7,0,0,0,0
04/11/2025,09:16:31,47.473951666666665,19.057903333333332,127.3,F,GPS,1.79,1.56,0.89,14,7,7,0,0,0,0
04/11/2025,09:16:31,47.473951666666665,19.057903333333332,127.3,F,GPS,1.79,1.56,0.89,14,7,7,0,0,0,0
04/11/2025,09:16:32,47.473951666666665,19.057918333333333,127.0,F,GPS,1.79,1.56,0.89,14,7,7,0,0,0,0
04/11/2025,09:16:32,47.473951666666665,19.057918333333333,127.0,F,GPS,1.79,1.56,0.89,14,7,7,0,0,0,0
04/11/2025,09:16:32,47.473951666666665,19.057918333333333,127.0,F,GPS,1.79,1.56,0.89,14,7,7,0,0,0,0
04/11/2025,09:16:32,47.473951666666665,19.057918333333333,127.0,F,GPS,1.79,1.56,0.89,14,7,7,0,0,0,0
04/11/2025,09:16:33,47.473958333333336,19.057931666666665,126.8,F,GPS,1.79,1.56,0.89,14,7,7,0,0,0,0
04/11/2025,09:16:33,47.473958333333336,19.057931666666665,126.8,F,GPS,1.79,1.56,0.89,14,7,7,0,0,0,0
04/11/2025,09:16:33,47.473958333333336,19.057931666666665,126.8,F,GPS,1.79,1.56,0.89,14,7,7,0,0,0,0
04/11/2025,09:16:33,47.473958333333336,19.057931666666665,126.8,F,GPS,1.79,1.56,0.89,14,7,7,0,0,0,0
04/11/2025,09:16:33,47.473958333333336,19.057931666666665,126.8,F,GPS,1.79,1.56,0.89,14,7,7,0,0,0,0
04/11/2025,09:16:34,47.47396,19.057943333333334,126.6,F,GPS,1.79,1.56,0.89,14,7,7,0,0,0,0
04/11/2025,09:16:34,47.47396,19.057943333333334,126.6,F,GPS,1.79,1.56,0.89,14,7,7,0,0,0,0
04/11/2025,09:16:34,47.47396,19.057943333333334,126.6,F,GPS,1.79,1.56,0.89,14,7,7,0,0,0,0
04/11/2025,09:16:34,47.47396,19.057943333333334,126.6,F,GPS,1.79,1.56,0.89,14,7,7,0,0,0,0
04/11/2025,09:16:35,47.473955,19.057946666666666,126.5,F,GPS,1.79,1.56,0.89,14,7,7,0,0,0,0
04/11/2025,09:16:35,47.473955,19.057946666666666,126.5,F,GPS,1.79,1.56,0.89,14,7,7,0,0,0,0
04/11/2025,09:16:35,47.473955,19.057946666666666,126.5,F,GPS,1.79,1.56,0.89,14,7,7,0,0,0,0
04/11/2025,09:16:35,47.473955,19.057946666666666,126.5,F,GPS,1.79,1.56,0.89,14,7,7,0,0,0,0
04/11/2025,09:16:36,47.473955,19.05795,126.7,F,GPS,1.79,1.56,0.89,14,7,7,0,0,0,0
04/11/2025,09:16:36,47.473955,19.05795,126.7,F,GPS,1.79,1.56,0.89,14,7,7,0,0,0,0
04/11/2025,09:16:36,47.473955,19.05795,126.7,F,GPS,1.79,1.56,0.89,14,7,7,0,0,0,0
04/11/2025,09:16:36,47.473955,19.05795,126.7,F,GPS,1.79,1.56,0.89,14,7,7,0,0,0,0
04/11/2025,09:16:37,47.47396833333333,19.057945,126.8,F,GPS,1.79,1.56,0.89,14,7,7,0,0,0,0
04/11/2025,09:16:37,47.47396833333333,19.057945,126.8,F,GPS,1.79,1.56,0.89,14,7,7,0,0,0,0
04/11/2025,09:16:37,47.47396833333333,19.057945,126.8,F,GPS,1.79,1.56,0.89,14,7,7,0,0,0,0
04/11/2025,09:16:37,47.47396833333333,19.057945,126.8,F,GPS,1.79,1.56,0.89,14,7,7,0,0,0,0
04/11/2025,09:16:38,47.47398166666667,19.05794,126.9,F,GPS,1.79,1.56,0.89,14,7,7,0,0,0,0
04/11/2025,09:16:38,47.47398166666667,19.05794,126.9,F,GPS,1.79,1.56,0.89,14,7,7,0,0,0,0
04/11/2025,09:16:38,47.47398166666667,19.05794,126.9,F,GPS,1.79,1.56,0.89,14,7,7,0,0,0,0
04/11/2025,09:16:38,47.47398166666667,19.05794,126.9,F,GPS,1.79,1.56,0.89,14,7,7,0,0,0,0
04/11/2025,09:16:38,47.47398166666667,19.05794,126.9,F,GPS,1.79,1.56,0.89,14,7,7,0,0,0,0
04/11/2025,09:16:39,47.473995,19.05794,126.9,F,GPS,1.79,1.56,0.89,14,7,7,0,0,0,0
04/11/2025,09:16:39,47.473995,19.05794,126.9,F,GPS,1.79,1.56,0.89,14,7,7,0,0,0,0
04/11/2025,09:16:39,47.473995,19.05794,126.9,F,GPS,1.79,1.56,0.89,14,7,7,0,0,0,0
04/11/2025,09:16:39,47.473995,19.05794,126.9,F,GPS,1.79,1.56,0.89,14,7,7,0,0,0,0
04/11/2025,09:16:40,47.47400833333333,19.057936666666667,126.9,F,GPS,1.79,1.56,0.89,14,7,7,0,0,0,0
04/11/2025,09:16:40,47.47400833333333,19.057936666666667,126.9,F,GPS,1.79,1.56,0.89,14,7,7,0,0,0,0
04/11/2025,09:16:40,47.47400833333333,19.057936666666667,126.9,F,GPS,1.79,1.56,0.89,14,7,7,0,0,0,0
04/11/2025,09:16:40,47.47400833333333,19.057936666666667,126.9,F,GPS,1.79,1.56,0.89,14,7,7,0,0,0,0
04/11/2025,09:16:41,47.474021666666665,19.057933333333335,126.8,F,GPS,1.79,1.58,0.89,14,7,7,0,0,0,0
04/11/2025,09:16:41,47.474021666666665,19.057933333333335,126.8,F,GPS,2.47,1.58,1.90,14,7,7,0,0,0,0
04/11/2025,09:16:41,47.474021666666665,19.057933333333335,126.8,F,GPS,2.47,1.58,1.90,14,7,7,0,0,0,0
04/11/2025,09:16:41,47.474021666666665,19.057933333333335,126.8,F,GPS,2.47,1.58,1.90,14,7,7,0,0,0,0
04/11/2025,09:16:42,47.47402666666667,19.057931666666665,126.8,F,GPS,2.47,1.56,1.90,14,7,7,0,0,0,0
04/11/2025,09:16:42,47.47402666666667,19.057931666666665,126.8,F,GPS,1.79,1.56,0.89,14,7,7,0,0,0,0
04/11/2025,09:16:42,47.47402666666667,19.057931666666665,126.8,F,GPS,1.79,1.56,0.89,14,7,7,0,0,0,0
04/11/2025,09:16:42,47.47402666666667,19.057931666666665,126.8,F,GPS,1.79,1.56,0.89,14,7,7,0,0,0,0
04/11/2025,09:16:43,47.47403,19.057928333333333,126.7,F,GPS,1.79,1.56,0.89,14,7,7,0,0,0,0
04/11/2025,09:16:43,47.47403,19.057928333333333,126.7,F,GPS,1.79,1.56,0.88,14,7,7,0,0,0,0
04/11/2025,09:16:43,47.47403,19.057928333333333,126.7,F,GPS,1.79,1.56,0.88,14,7,7,0,0,0,0
04/11/2025,09:16:43,47.47403,19.057928333333333,126.7,F,GPS,1.79,1.56,0.88,14,7,7,0,0,0,0
04/11/2025,09:16:43,47.47403,19.057928333333333,126.7,F,GPS,1.79,1.56,0.88,14,7,7,0,0,0,0
04/11/2025,09:16:44,47.47403166666667,19.057931666666665,126.8,F,GPS,1.79,1.56,0.88,14,7,7,0,0,0,0
04/11/2025,09:16:44,47.47403166666667,19.057931666666665,126.8,F,GPS,1.79,1.56,0.89,14,7,7,0,0,0,0
04/11/2025,09:16:44,47.47403166666667,19.057931666666665,126.8,F,GPS,1.79,1.56,0.89,14,7,7,0,0,0,0
04/11/2025,09:16:44,47.47403166666667,19.057931666666665,126.8,F,GPS,1.79,1.56,0.89,14,7,7,0,0,0,0
04/11/2025,09:16:45,47.474046666666666,19.057931666666665,126.9,F,GPS,1.79,1.58,0.89,14,7,7,0,0,0,0
04/11/2025,09:16:45,47.474046666666666,19.057931666666665,126.9,F,GPS,2.47,1.58,1.90,14,7,7,0,0,0,0
04/11/2025,09:16:45,47.474046666666666,19.057931666666665,126.9,F,GPS,2.47,1.58,1.90,14,7,7,0,0,0,0
04/11/2025,09:16:45,47.474046666666666,19.057931666666665,126.9,F,GPS,2.47,1.58,1.90,14,7,7,0,0,0,0
04/11/2025,09:16:46,47.474061666666664,19.057926666666667,127.1,F,GPS,2.47,1.58,1.90,14,7,7,0,0,0,0
04/11/2025,09:16:46,47.474061666666664,19.057926666666667,127.1,F,GPS,2.47,1.58,1.90,14,7,7,0,0,0,0
04/11/2025,09:16:46,47.474061666666664,19.057926666666667,127.1,F,GPS,2.47,1.58,1.90,14,7,7,0,0,0,0
04/11/2025,09:16:46,47.474061666666664,19.057926666666667,127.1,F,GPS,2.47,1.58,1.90,14,7,7,0,0,0,0
04/11/2025,09:16:47,47.47407666666667,19.057918333333333,127.4,F,GPS,2.47,1.58,1.90,14,7,7,0,0,0,0
04/11/2025,09:16:47,47.47407666666667,19.057918333333333,127.4,F,GPS,2.47,1.58,1.90,14,7,7,0,0,0,0
04/11/2025,09:16:47,47.47407666666667,19.057918333333333,127.4,F,GPS,2.47,1.58,1.90,14,7,7,0,0,0,0
04/11/2025,09:16:47,47.47407666666667,19.057918333333333,127.4,F,GPS,2.47,1.58,1.90,14,7,7,0,0,0,0
04/11/2025,09:16:48,47.47407333333334,19.057916666666667,127.7,F,GPS,2.47,1.56,1.90,14,7,7,0,0,0,0
04/11/2025,09:16:48,47.47407333333334,19.057916666666667,127.7,F,GPS,1.79,1.56,0.88,14,7,7,0,0,0,0
04/11/2025,09:16:48,47.47407333333334,19.057916666666667,127.7,F,GPS,1.79,1.56,0.88,14,7,7,0,0,0,0
04/11/2025,09:16:48,47.47407333333334,19.057916666666667,127.7,F,GPS,1.79,1.56,0.88,14,7,7,0,0,0,0
04/11/2025,09:16:48,47.47407333333334,19.057916666666667,127.7,F,GPS,1.79,1.56,0.88,14,7,7,0,0,0,0
04/11/2025,09:16:49,47.474086666666665,19.057908333333334,128.0,F,GPS,1.79,1.56,0.88,14,7,7,0,0,0,0
04/11/2025,09:16:49,47.474086666666665,19.057908333333334,128.0,F,GPS,1.79,1.56,0.88,14,7,7,0,0,0,0
04/11/2025,09:16:49,47.474086666666665,19.057908333333334,128.0,F,GPS,1.79,1.56,0.88,14,7,7,0,0,0,0
04/11/2025,09:16:49,47.474086666666665,19.057908333333334,128.0,F,GPS,1.79,1.56,0.88,14,7,7,0,0,0,0
04/11/2025,09:16:50,47.474095,19.057905,128.2,F,GPS,1.79,1.56,0.88,14,7,7,0,0,0,0
04/11/2025,09:16:50,47.474095,19.057905,128.2,F,GPS,1.79,1.56,0.88,14,7,7,0,0,0,0
04/11/2025,09:16:50,47.474095,19.057905,128.2,F,GPS,1.79,1.56,0.88,14,7,7,0,0,0,0
04/11/2025,09:16:50,47.474095,19.057905,128.2,F,GPS,1.79,1.56,0.88,14,7,7,0,0,0,0
04/11/2025,09:16:51,47.474108333333334,19.0579,128.3,F,GPS,1.79,1.58,0.88,14,7,7,0,0,0,0
04/11/2025,09:16:51,47.474108333333334,19.0579,128.3,F,GPS,2.47,1.58,1.90,14,7,7,0,0,0,0
04/11/2025,09:16:51,47.474108333333334,19.0579,128.3,F,GPS,2.47,1.58,1.90,14,7,7,0,0,0,0
04/11/2025,09:16:51,47.474108333333334,19.0579,128.3,F,GPS,2.47,1.58,1.90,14,7,7,0,0,0,0
04/11/2025,09:16:52,47.47412,19.057896666666668,128.3,F,GPS,2.47,1.56,1.90,14,7,7,0,0,0,0
04/11/2025,09:16:52,47.47412,19.057896666666668,128.3,F,GPS,1.79,1.56,0.88,14,7,7,0,0,0,0
04/11/2025,09:16:52,47.47412,19.057896666666668,128.3,F,GPS,1.79,1.56,0.88,14,7,7,0,0,0,0
04/11/2025,09:16:52,47.47412,19.057896666666668,128.3,F,GPS,1.79,1.56,0.88,14,7,7,0,0,0,0
04/11/2025,09:16:53,47.474136666666666,19.057895,128.5,F,GPS,1.79,1.56,0.88,14,7,7,0,0,0,0
04/11/2025,09:16:53,47.474136666666666,19.057895,128.5,F,GPS,1.79,1.56,0.88,14,7,7,0,0,0,0
04/11/2025,09:16:53,47.474136666666666,19.057895,128.5,F,GPS,1.79,1.56,0.88,14,7,7,0,0,0,0
04/11/2025,09:16:53,47.474136666666666,19.057895,128.5,F,GPS,1.79,1.56,0.88,14,7,7,0,0,0,0
04/11/2025,09:16:53,47.474136666666666,19.057895,128.5,F,GPS,1.79,1.56,0.88,14,7,7,0,0,0,0
04/11/2025,09:16:54,47.474151666666664,19.057893333333332,128.8,F,GPS,1.79,1.58,0.88,14,7,7,0,0,0,0
04/11/2025,09:16:54,47.474151666666664,19.057893333333332,128.8,F,GPS,2.47,1.58,1.90,14,7,7,0,0,0,0
04/11/2025,09:16:54,47.474151666666664,19.057893333333332,128.8,F,GPS,2.47,1.58,1.90,14,7,7,0,0,0,0
04/11/2025,09:16:54,47.474151666666664,19.057893333333332,128.8,F,GPS,2.47,1.58,1.90,14,7,7,0,0,0,0
04/11/2025,09:16:55,47.47417333333333,19.057891666666666,129.2,F,GPS,2.47,1.58,1.90,14,7,7,0,0,0,0
04/11/2025,09:16:55,47.47417333333333,19.057891666666666,129.2,F,GPS,2.47,1.58,1.90,14,7,7,0,0,0,0
04/11/2025,09:16:55,47.47417333333333,19.057891666666666,129.2,F,GPS,2.47,1.58,1.90,14,7,7,0,0,0,0
04/11/2025,09:16:55,47.47417333333333,19.057891666666666,129.2,F,GPS,2.47,1.58,1.90,14,7,7,0,0,0,0
04/11/2025,09:16:56,47.474183333333336,19.057891666666666,129.5,F,GPS,2.47,1.58,1.90,14,7,7,0,0,0,0
04/11/2025,09:16:56,47.474183333333336,19.057891666666666,129.5,F,GPS,2.47,1.58,1.90,14,7,7,0,0,0,0
04/11/2025,09:16:56,47.474183333333336,19.057891666666666,129.5,F,GPS,2.47,1.58,1.90,14,7,7,0,0,0,0
04/11/2025,09:16:56,47.474183333333336,19.057891666666666,129.5,F,GPS,2.47,1.58,1.90,14,7,7,0,0,0,0
04/11/2025,09:16:57,47.474195,19.05789,129.7,F,GPS,2.47,1.58,1.90,14,7,7,0,0,0,0
04/11/2025,09:16:57,47.474195,19.05789,129.7,F,GPS,2.47,1.58,1.90,14,7,7,0,0,0,0
04/11/2025,09:16:57,47.474195,19.05789,129.7,F,GPS,2.47,1.58,1.90,14,7,7,0,0,0,0
04/11/2025,09:16:57,47.474195,19.05789,129.7,F,GPS,2.47,1.58,1.90,14,7,7,0,0,0,0
04/11/2025,09:16:58,47.47420666666667,19.057885,129.9,F,GPS,2.47,1.58,1.90,14,7,7,0,0,0,0
04/11/2025,09:16:58,47.47420666666667,19.057885,129.9,F,GPS,2.47,1.58,1.90,14,7,7,0,0,0,0
04/11/2025,09:16:58,47.47420666666667,19.057885,129.9,F,GPS,2.47,1.58,1.90,14,7,7,0,0,0,0
04/11/2025,09:16:58,47.47420666666667,19.057885,129.9,F,GPS,2.47,1.58,1.90,14,7,7,0,0,0,0
04/11/2025,09:16:58,47.47420666666667,19.057885,129.9,F,GPS,2.47,1.58,1.90,14,7,7,0,0,0,0
04/11/2025,09:16:59,47.47421833333333,19.05788,130.0,F,GPS,2.47,1.56,1.90,14,7,7,0,0,0,0
04/11/2025,09:16:59,47.47421833333333,19.05788,130.0,F,GPS,1.79,1.56,0.88,14,7,7,0,0,0,0
04/11/2025,09:16:59,47.47421833333333,19.05788,130.0,F,GPS,1.79,1.56,0.88,14,7,7,0,0,0,0
04/11/2025,09:16:59,47.47421833333333,19.05788,130.0,F,GPS,1.79,1.56,0.88,14,7,7,0,0,0,0
04/11/2025,09:17:00,47.474223333333335,19.057876666666665,130.0,F,GPS,1.79,1.56,0.88,14,7,7,0,0,0,0
04/11/2025,09:17:00,47.474223333333335,19.057876666666665,130.0,F,GPS,1.79,1.56,0.88,14,7,7,0,0,0,0
04/11/2025,09:17:00,47.474223333333335,19.057876666666665,130.0,F,GPS,1.79,1.56,0.88,14,7,7,0,0,0,0
04/11/2025,09:17:00,47.474223333333335,19.057876666666665,130.0,F,GPS,1.79,1.56,0.88,14,7,7,0,0,0,0
04/11/2025,09:17:01,47.47422666666667,19.057875,130.0,F,GPS,1.79,1.56,0.88,14,7,7,0,0,0,0
04/11/2025,09:17:01,47.47422666666667,19.057875,130.0,F,GPS,1.79,1.56,0.88,14,7,7,0,0,0,0
04/11/2025,09:17:01,47.47422666666667,19.057875,130.0,F,GPS,1.79,1.56,0.88,14,7,7,0,0,0,0
04/11/2025,09:17:01,47.47422666666667,19.057875,130.0,F,GPS,1.79,1.56,0.88,14,7,7,0,0,0,0
04/11/2025,09:17:02,47.474223333333335,19.057875,129.9,F,GPS,1.79,1.56,0.88,14,7,7,0,0,0,0
04/11/2025,09:17:02,47.474223333333335,19.057875,129.9,F,GPS,1.79,1.56,0.88,14,7,7,0,0,0,0
04/11/2025,09:17:02,47.474223333333335,19.057875,129.9,F,GPS,1.79,1.56,0.88,14,7,7,0,0,0,0
04/11/2025,09:17:02,47.474223333333335,19.057875,129.9,F,GPS,1.79,1.56,0.88,14,7,7,0,0,0,0
04/11/2025,09:17:03,47.47421166666667,19.05786833333333,129.9,F,GPS,1.79,1.56,0.88,14,7,7,0,0,0,0
04/11/2025,09:17:03,47.47421166666667,19.05786833333333,129.9,F,GPS,1.79,1.56,0.88,14,7,7,0,0,0,0
04/11/2025,09:17:03,47.47421166666667,19.05786833333333,129.9,F,GPS,1.79,1.56,0.88,13,7,7,0,0,0,0
04/11/2025,09:17:03,47.47421166666667,19.05786833333333,129.9,F,GPS,1.79,1.56,0.88,13,7,7,0,0,0,0
04/11/2025,09:17:03,47.47421166666667,19.05786833333333,129.9,F,GPS,1.79,1.56,0.88,13,7,7,0,0,0,0
04/11/2025,09:17:04,47.474198333333334,19.057866666666666,129.9,F,GPS,1.79,1.56,0.88,13,7,7,0,0,0,0
04/11/2025,09:17:04,47.474198333333334,19.057866666666666,129.9,F,GPS,1.79,1.56,0.88,13,7,7,0,0,0,0
04/11/2025,09:17:04,47.474198333333334,19.057866666666666,129.9,F,GPS,1.79,1.56,0.88,13,7,7,0,0,0,0
04/11/2025,09:17:04,47.474198333333334,19.057866666666666,129.9,F,GPS,1.79,1.56,0.88,13,7,7,0,0,0,0
04/11/2025,09:17:05,47.47419,19.05786833333333,129.9,F,GPS,1.79,1.56,0.88,13,7,7,0,0,0,0
04/11/2025,09:17:05,47.47419,19.05786833333333,129.9,F,GPS,1.79,1.56,0.88,13,7,7,0,0,0,0
04/11/2025,09:17:05,47.47419,19.05786833333333,129.9,F,GPS,1.79,1.56,0.88,13,7,7,0,0,0,0
04/11/2025,09:17:05,47.47419,19.05786833333333,129.9,F,GPS,1.79,1.56,0.88,13,7,7,0,0,0,0
04/11/2025,09:17:06,47.474176666666665,19.057875,129.9,F,GPS,1.79,1.56,0.88,13,7,7,0,0,0,0
04/11/2025,09:17:06,47.474176666666665,19.057875,129.9,F,GPS,1.79,1.56,0.88,13,7,7,0,0,0,0
04/11/2025,09:17:06,47.474176666666665,19.057875,129.9,F,GPS,1.79,1.56,0.88,13,7,7,0,0,0,0
04/11/2025,09:17:06,47.474176666666665,19.057875,129.9,F,GPS,1.79,1.56,0.88,13,7,7,0,0,0,0
04/11/2025,09:17:07,47.47416166666667,19.05788,129.9,F,GPS,1.79,1.56,0.88,13,7,7,0,0,0,0
04/11/2025,09:17:07,47.47416166666667,19.05788,129.9,F,GPS,1.79,1.56,0.88,13,7,7,0,0,0,0
04/11/2025,09:17:07,47.47416166666667,19.05788,129.9,F,GPS,1.79,1.56,0.88,13,7,7,0,0,0,0
04/11/2025,09:17:07,47.47416166666667,19.05788,129.9,F,GPS,1.79,1.56,0.88,13,7,7,0,0,0,0
